Unnamed: 0,0,1,2,3,4,5,6,7,8,9,10,11,12,13,14,15,16,17,18,19,20,21,22,23,24,25,26,27,28,29,30,31,32,33,34,35,36,37,38,39,40,41,42,43,44,45,46,47,48,49,50,51,52,53,54,55,56,57,58,59,60,61,62,63,64,65,66,67,68,69,70,71,72,73,74,75,76,77,78,79,80,81,82,83,84,85,86,87,88,89,90,91,92,93,94,95,96,97,98,99
9797,0,-1,1,1,1,1,1,1,1,1,1,1,1,1,1,1,1,1,1,1,1,1,1,1,1,1,1,1,1,1,1,1,1,1,1,1,1,1,1,1,1,1,1,1,1,1,1,1,1,1,1,1,1,1,1,1,1,1,1,1,1,1,1,1,1,1,1,1,1,1,1,1,1,1,1,1,1,1,1,1,1,1,1,1,1,1,1,1,1,1,1,1,1,1,1,1,1,0,1,1
10961,0,-1,1,1,1,1,1,1,1,1,1,1,1,1,1,1,1,1,1,1,1,1,1,1,1,1,1,1,1,1,1,1,1,1,1,1,1,1,1,1,1,1,1,1,1,1,1,1,1,1,1,1,1,1,1,1,1,1,1,1,1,1,1,1,1,1,1,1,1,1,1,1,1,1,1,1,1,1,1,1,1,1,1,1,1,1,1,1,1,1,1,1,1,1,1,1,1,0,1,1
8633,0,-1,1,1,1,1,1,1,1,1,1,1,1,1,1,1,1,1,1,1,1,1,1,1,1,1,1,1,1,1,1,1,1,1,1,1,1,1,1,1,1,1,1,1,1,1,1,1,1,1,1,1,1,1,1,1,1,1,1,1,1,1,1,1,1,1,1,1,1,1,1,1,1,1,1,1,1,1,1,1,1,1,1,1,1,1,1,1,1,0,1,1,1,1,1,1,1,0,1,1
5141,0,-1,1,1,1,1,1,1,1,1,1,1,1,1,1,1,1,1,1,1,1,1,1,1,1,1,1,1,1,1,1,1,1,1,1,1,1,1,1,1,1,1,1,1,1,1,1,1,1,1,1,1,1,0,1,1,1,1,1,1,1,1,1,1,1,1,1,1,1,1,1,1,1,1,1,1,1,1,1,1,1,1,1,1,1,1,1,1,1,1,1,1,1,1,1,1,1,0,1,1
5917,0,-1,1,1,1,1,1,1,1,1,1,1,1,1,1,1,1,1,1,1,1,1,1,1,1,1,1,1,1,1,1,1,1,1,1,1,1,1,1,1,1,1,1,1,1,1,1,1,1,1,1,1,1,1,1,1,1,1,1,1,1,0,1,1,1,1,1,1,1,1,1,1,1,1,1,1,1,1,1,1,1,1,1,1,1,1,1,1,1,1,1,1,1,1,1,1,1,0,1,1
7081,0,-1,1,1,1,1,1,1,1,1,1,1,1,1,1,1,1,1,1,1,1,1,1,1,1,1,1,1,1,1,1,1,1,1,1,1,1,1,1,1,1,1,1,1,1,1,1,1,1,1,1,1,1,1,1,1,1,1,1,1,1,1,1,1,1,1,1,1,1,1,1,1,1,0,1,1,1,1,1,1,1,1,1,1,1,1,1,1,1,1,1,1,1,1,1,1,1,0,1,1
11413,0,-1,1,1,1,1,1,1,1,1,1,1,1,1,1,1,-1,1,1,1,1,1,1,1,1,1,1,1,1,1,1,1,1,1,1,1,1,1,1,1,1,1,1,1,1,1,1,1,1,1,1,1,1,1,1,1,1,1,1,1,1,1,1,1,1,1,1,1,1,1,1,1,1,1,1,1,1,1,1,1,1,1,1,1,1,1,1,1,1,1,1,1,1,1,1,1,1,1,1,1
10573,0,-1,1,1,1,1,1,1,1,1,1,1,1,1,1,1,1,1,1,1,1,1,1,1,1,1,1,1,1,1,1,1,1,1,1,-1,1,1,1,1,1,1,1,1,1,1,1,1,1,1,1,1,1,1,1,1,1,1,1,1,1,1,1,1,1,1,1,1,1,1,1,1,1,1,1,1,1,1,1,1,1,1,1,1,1,1,1,1,1,1,1,1,1,1,1,1,1,0,1,1
10057,0,-1,1,1,1,1,1,1,1,1,1,1,1,1,1,1,-1,1,1,1,1,1,1,1,1,1,1,1,1,1,1,1,1,1,1,1,1,1,1,1,1,1,1,1,1,1,1,1,1,1,1,1,1,1,1,1,1,1,1,1,1,1,1,1,1,1,1,1,1,1,1,1,1,1,1,1,1,1,1,1,1,1,1,1,1,1,1,1,1,0,1,1,1,1,1,1,1,1,1,1
8249,0,-1,1,1,1,1,1,1,1,1,1,1,1,1,1,1,-1,1,1,1,1,1,1,1,1,1,1,1,1,1,1,1,1,1,1,1,1,1,1,1,1,1,1,1,1,1,1,1,1,1,1,1,1,1,1,1,1,1,1,1,1,1,1,1,1,1,1,1,1,1,1,1,1,0,1,1,1,1,1,1,1,1,1,1,1,1,1,1,1,1,1,1,1,1,1,1,1,1,1,1
6893,0,-1,1,1,1,1,1,1,1,1,1,1,1,1,1,1,-1,1,1,1,1,1,1,1,1,1,1,1,1,1,1,1,1,1,1,1,1,1,1,1,1,1,1,1,1,1,1,1,1,1,1,1,1,1,1,1,1,1,1,1,1,0,1,1,1,1,1,1,1,1,1,1,1,1,1,1,1,1,1,1,1,1,1,1,1,1,1,1,1,1,1,1,1,1,1,1,1,1,1,1
3589,0,-1,1,1,1,1,1,1,1,1,1,1,1,1,1,1,1,1,1,1,1,1,1,1,1,1,1,1,1,1,1,1,1,1,1,1,1,0,1,1,1,1,1,1,1,1,1,1,1,1,1,1,1,1,1,1,1,1,1,1,1,1,1,1,1,1,1,1,1,1,1,1,1,1,0,1,1,1,1,1,1,1,1,1,1,1,1,1,1,1,1,1,1,1,1,1,1,0,1,1
4633,0,-1,1,1,1,1,1,1,1,1,1,1,1,1,1,1,-1,1,1,1,1,1,1,1,1,1,1,1,1,1,1,1,1,1,1,1,1,1,1,1,1,0,1,1,1,1,1,1,1,1,1,1,1,1,1,1,1,1,1,1,1,1,1,1,1,1,1,1,1,1,1,1,1,1,1,1,1,1,1,1,1,1,0,1,1,1,1,1,1,1,1,1,1,1,1,1,1,1,1,1
5723,0,-1,1,1,1,1,1,1,1,1,1,1,1,1,1,1,1,1,1,1,1,1,1,1,1,1,1,1,1,1,1,1,1,1,1,-1,1,1,1,1,1,1,1,1,1,1,1,1,1,1,1,1,1,1,1,1,1,1,1,0,1,1,1,1,1,1,1,1,1,1,1,1,1,1,1,1,1,1,1,1,1,1,1,1,1,1,1,1,1,1,1,1,1,1,1,1,1,0,1,1
6499,0,-1,1,1,1,1,1,1,1,1,1,1,1,1,1,1,1,1,1,1,1,1,1,1,1,1,1,1,1,1,1,1,1,1,1,-1,1,1,1,1,1,1,1,1,1,1,1,1,1,1,1,1,1,1,1,1,1,1,1,1,1,1,1,1,1,1,1,0,1,1,1,1,1,1,1,1,1,1,1,1,1,1,1,1,1,1,1,1,1,1,1,1,1,1,1,1,1,0,1,1
6887,0,-1,1,1,1,1,1,1,1,1,1,1,1,1,1,1,1,1,1,1,1,1,1,1,1,1,1,1,1,1,1,1,1,1,1,1,1,1,1,1,1,1,1,1,1,1,1,1,1,1,1,1,1,1,1,1,1,1,1,1,1,1,1,1,1,1,1,1,1,1,1,0,1,1,1,1,1,1,1,1,1,1,1,1,1,1,1,1,1,1,1,1,1,1,1,1,1,0,-1,1
7663,0,-1,1,1,1,1,1,1,1,1,1,1,1,1,1,1,1,1,1,1,1,1,1,1,1,1,1,1,1,1,1,1,1,1,1,1,1,1,1,1,1,1,1,1,1,1,1,1,1,1,1,1,1,1,1,1,1,1,1,1,1,1,1,1,1,1,1,1,1,1,1,1,1,1,1,1,1,1,1,0,1,1,1,1,1,1,1,1,1,1,1,1,1,1,1,1,1,0,-1,1
5429,0,-1,1,1,1,1,1,1,1,1,1,1,1,1,1,1,-1,1,1,1,1,1,1,1,1,1,1,1,1,1,1,1,1,1,1,1,1,1,1,1,1,1,1,1,1,1,1,1,1,1,1,1,1,1,1,1,1,1,1,1,1,0,1,1,1,1,1,1,1,1,1,1,1,1,1,1,1,1,1,1,1,1,1,1,1,1,1,1,1,0,1,1,1,1,1,1,1,1,1,1
12317,0,-1,1,1,1,1,1,1,1,1,1,1,1,1,1,1,-1,1,1,1,1,1,1,1,1,1,1,1,1,1,1,1,1,1,1,1,1,1,1,1,1,1,1,1,1,1,1,1,1,-1,1,1,1,1,1,1,1,1,1,1,1,1,1,1,1,1,1,1,1,1,1,1,1,1,1,1,1,1,1,1,1,1,1,1,1,1,1,1,1,1,1,1,1,1,1,1,1,1,1,1
8051,0,-1,1,1,1,1,1,1,1,1,1,1,1,1,1,1,1,1,1,1,1,1,1,1,1,1,1,1,1,1,1,1,1,1,1,1,1,1,1,1,1,1,1,1,1,1,1,1,1,1,1,1,1,1,1,1,1,1,1,1,1,-1,1,1,1,1,1,1,1,1,1,1,1,1,1,1,1,1,1,1,1,1,1,0,1,1,1,1,1,1,1,1,1,1,1,1,1,0,1,1
2813,0,-1,1,1,1,1,1,1,1,1,1,1,1,1,1,1,1,1,1,1,1,1,1,1,1,1,1,1,1,0,1,1,1,1,1,1,1,1,1,1,1,1,1,1,1,1,1,1,1,1,1,1,1,1,1,1,1,1,0,1,1,1,1,1,1,1,1,1,1,1,1,1,1,1,1,1,1,1,1,1,1,1,1,1,1,1,1,0,1,1,1,1,1,1,1,1,1,0,1,1
10379,0,-1,1,1,1,1,1,1,1,1,1,1,1,1,1,1,1,1,1,1,1,1,1,1,1,1,1,1,1,1,1,1,1,1,1,-1,1,1,1,1,1,1,1,1,1,1,1,1,1,1,1,1,1,1,1,1,1,1,1,1,1,-1,1,1,1,1,1,1,1,1,1,1,1,1,1,1,1,1,1,1,1,1,1,1,1,1,1,1,1,1,1,1,1,1,1,1,1,0,1,1
9991,0,-1,1,1,1,1,1,1,1,1,1,1,1,1,1,1,1,1,1,1,1,1,1,1,1,1,1,1,1,1,1,1,1,1,1,1,1,1,1,1,1,1,1,1,1,1,1,1,1,1,1,1,1,1,1,1,1,1,1,1,1,-1,1,1,1,1,1,1,1,1,1,1,1,1,1,1,1,1,1,1,1,1,1,1,1,1,1,1,1,1,1,1,1,1,1,1,1,0,-1,1
1921,0,-1,1,1,1,1,1,1,1,1,1,1,1,1,1,1,1,0,1,1,1,1,1,1,1,1,1,1,1,1,1,1,1,1,0,1,1,1,1,1,1,1,1,1,1,1,1,1,1,1,1,0,1,1,1,1,1,1,1,1,1,1,1,1,1,1,1,1,0,1,1,1,1,1,1,1,1,1,1,1,1,1,1,1,1,0,1,1,1,1,1,1,1,1,1,1,1,1,1,1
7571,0,-1,1,1,1,1,1,1,1,1,1,1,1,1,1,1,-1,1,1,1,1,1,1,1,1,1,1,1,1,1,1,1,1,1,1,1,1,1,1,1,1,1,1,1,1,1,1,1,1,-1,1,1,1,1,1,1,1,1,1,1,1,1,1,1,1,1,1,0,1,1,1,1,1,1,1,1,1,1,1,1,1,1,1,1,1,1,1,1,1,1,1,1,1,1,1,1,1,1,1,1
8927,0,-1,1,1,1,1,1,1,1,1,1,1,1,1,1,1,-1,1,1,1,1,1,1,1,1,1,1,1,1,1,1,1,1,1,1,1,1,1,1,1,1,1,1,1,1,1,1,1,1,-1,1,1,1,1,1,1,1,1,1,1,1,1,1,1,1,1,1,1,1,1,1,1,1,1,1,1,1,1,1,0,1,1,1,1,1,1,1,1,1,1,1,1,1,1,1,1,1,1,1,1
4171,0,-1,1,1,1,1,1,1,1,1,1,1,1,1,1,1,1,1,1,1,1,1,1,1,1,1,1,1,1,1,1,1,1,1,1,-1,1,1,1,1,1,1,1,0,1,1,1,1,1,1,1,1,1,1,1,1,1,1,1,1,1,1,1,1,1,1,1,1,1,1,1,1,1,1,1,1,1,1,1,1,1,1,1,1,1,1,0,1,1,1,1,1,1,1,1,1,1,0,1,1
3977,0,-1,1,1,1,1,1,1,1,1,1,1,1,1,1,1,1,1,1,1,1,1,1,1,1,1,1,1,1,1,1,1,1,1,1,1,1,1,1,1,1,0,1,1,1,1,1,1,1,1,1,1,1,1,1,1,1,1,1,1,1,1,1,1,1,1,1,1,1,1,1,1,1,1,1,1,1,1,1,1,1,1,0,1,1,1,1,1,1,1,1,1,1,1,1,1,1,0,-1,1
1241,0,-1,1,1,1,1,1,1,1,1,1,1,1,1,1,1,1,0,1,1,1,1,1,1,1,1,1,1,1,1,1,1,1,1,0,1,1,1,1,1,1,1,1,1,1,1,1,1,1,1,1,0,1,1,1,1,1,1,1,1,1,1,1,1,1,1,1,1,0,1,1,1,1,0,1,1,1,1,1,1,1,1,1,1,1,0,1,1,1,1,1,1,1,1,1,1,1,1,1,1
4717,0,-1,1,1,1,1,1,1,1,1,1,1,1,1,1,1,-1,1,1,1,1,1,1,1,1,1,1,1,1,1,1,1,1,1,1,1,1,1,1,1,1,1,1,1,1,1,1,1,1,1,1,1,1,0,1,1,1,1,1,1,1,1,1,1,1,1,1,1,1,1,1,1,1,1,1,1,1,1,1,1,1,1,1,1,1,1,1,1,1,0,1,1,1,1,1,1,1,-1,1,1
12091,0,-1,1,1,1,1,1,1,1,1,1,1,1,1,1,1,-1,1,1,1,1,1,1,1,1,1,1,1,1,1,-1,1,1,1,1,1,1,1,1,1,1,1,1,1,1,1,1,1,1,-1,1,1,1,1,1,1,1,1,1,1,1,1,1,1,1,1,1,1,1,1,1,1,1,1,1,1,1,1,1,1,1,1,1,1,1,1,1,1,1,1,1,1,1,1,1,1,1,1,1,1
4181,0,-1,1,1,1,1,1,1,1,1,1,1,1,1,1,1,-1,1,1,1,1,1,1,1,1,1,1,1,1,1,1,1,1,1,1,1,1,0,1,1,1,1,1,1,1,1,1,1,1,-1,1,1,1,1,1,1,1,1,1,1,1,1,1,1,1,1,1,1,1,1,1,1,1,1,0,1,1,1,1,1,1,1,1,1,1,1,1,1,1,1,1,1,1,1,1,1,1,1,1,1
4469,0,-1,1,1,1,1,1,1,1,1,1,1,1,1,1,1,-1,1,1,1,1,1,1,1,1,1,1,1,1,1,1,1,1,1,1,1,1,1,1,1,1,0,1,1,1,1,1,1,1,1,1,1,1,1,1,1,1,1,1,1,1,1,1,1,1,1,1,1,1,1,1,1,1,1,1,1,1,1,-1,1,1,1,0,1,1,1,1,1,1,1,1,1,1,1,1,1,1,1,1,1
1513,0,-1,1,1,1,1,1,1,1,1,1,1,1,1,1,1,1,0,1,1,1,1,1,1,1,1,1,1,1,1,1,1,1,1,0,1,1,1,1,1,1,1,1,1,1,1,1,1,1,1,1,0,1,1,1,1,1,1,1,1,1,1,1,1,1,1,1,1,0,1,1,1,1,1,1,1,1,1,1,1,1,1,1,1,1,0,1,1,1,0,1,1,1,1,1,1,1,1,1,1
4859,0,-1,1,1,1,1,1,1,1,1,1,1,1,1,1,1,-1,1,1,1,1,1,1,1,1,1,1,1,1,1,1,1,1,1,1,1,1,1,1,1,1,1,1,0,1,1,1,1,1,-1,1,1,1,1,1,1,1,1,1,1,1,1,1,1,1,1,1,1,1,1,1,1,1,1,1,1,1,1,1,1,1,1,1,1,1,1,0,1,1,1,1,1,1,1,1,1,1,1,1,1
7373,0,-1,1,1,1,1,1,1,1,1,1,1,1,1,1,1,-1,1,1,1,1,1,1,1,1,1,1,1,1,1,1,1,1,1,1,1,1,-1,1,1,1,1,1,1,1,1,1,1,1,1,1,1,1,1,1,1,1,1,1,1,1,1,1,1,1,1,1,1,1,1,1,1,1,0,1,1,1,1,1,1,1,-1,1,1,1,1,1,1,1,1,1,1,1,1,1,1,1,1,1,1
8989,0,-1,1,1,1,1,1,1,1,1,1,1,1,1,1,1,-1,1,1,1,1,1,1,1,1,1,1,1,1,1,1,1,1,1,1,1,1,1,1,1,1,1,1,1,1,1,1,1,1,1,1,1,1,1,1,1,1,1,1,1,1,1,1,1,1,1,1,1,1,1,1,1,1,1,1,1,1,1,-1,1,1,1,1,1,1,1,1,1,1,0,1,1,1,1,1,1,1,-1,1,1
3293,0,-1,1,1,1,1,1,1,1,1,1,1,1,1,1,1,-1,1,1,1,1,1,1,1,1,1,1,1,1,1,1,1,1,1,1,1,1,0,1,1,1,1,1,1,1,1,1,1,1,1,1,1,1,1,1,1,1,1,1,1,1,1,1,1,1,1,1,1,1,1,1,1,1,1,0,1,1,1,1,1,1,1,1,1,1,1,1,1,1,0,-1,1,1,1,1,1,1,1,1,1
3649,0,-1,1,1,1,1,1,1,1,1,1,1,1,1,1,1,-1,1,1,1,1,1,1,1,1,1,1,1,1,1,1,1,1,1,1,1,1,1,1,1,1,0,1,1,1,1,1,1,1,1,1,1,1,1,1,1,1,1,1,1,1,1,1,1,1,1,1,1,1,1,1,1,1,1,1,1,1,1,-1,1,1,1,0,1,1,1,1,1,1,0,1,1,1,1,1,1,1,1,1,1
4559,0,-1,1,1,1,1,1,1,1,1,1,1,1,1,1,1,1,1,1,1,1,1,1,1,1,1,1,1,1,1,1,1,1,1,1,1,1,1,1,1,1,1,1,1,1,1,1,0,1,1,1,1,1,1,1,1,1,1,1,1,1,-1,1,1,1,1,1,1,1,1,1,1,1,1,1,1,1,1,1,1,1,1,1,1,1,1,1,1,1,1,1,1,1,1,0,1,1,0,-1,1
1853,0,-1,1,1,1,1,1,1,1,1,1,1,1,1,1,1,1,0,1,1,1,1,1,1,1,1,1,1,1,1,1,1,1,1,0,-1,1,1,1,1,1,1,1,1,1,1,1,1,1,1,1,0,1,1,1,1,1,1,1,1,1,1,1,1,1,1,1,1,0,1,1,1,1,1,1,1,1,1,1,1,1,1,1,1,1,0,1,1,1,1,1,1,1,1,1,1,1,1,1,1
5989,0,-1,1,1,1,1,1,1,1,1,1,1,1,1,1,1,-1,1,1,1,1,1,1,1,1,1,1,1,-1,1,1,1,1,1,1,1,1,1,1,1,1,1,1,1,1,1,1,1,1,-1,1,1,1,0,1,1,1,1,1,1,1,1,1,1,1,1,1,1,1,1,1,1,1,1,1,1,1,1,1,1,1,1,1,1,1,1,1,1,1,1,1,1,1,1,1,1,1,1,1,1
6667,0,-1,1,1,1,1,1,1,1,1,1,1,1,1,1,1,-1,1,1,1,1,1,1,1,1,1,1,1,-1,1,1,1,1,1,1,1,1,1,1,1,1,1,1,1,1,1,1,1,1,-1,1,1,1,1,1,1,1,1,1,0,1,1,1,1,1,1,1,1,1,1,1,1,1,1,1,1,1,1,1,1,1,1,1,1,1,1,1,1,1,1,1,1,1,1,1,1,1,1,1,1
8023,0,-1,1,1,1,1,1,1,1,1,1,1,1,1,1,1,-1,1,1,1,1,1,1,1,1,1,1,1,1,1,-1,1,1,1,1,1,1,1,1,1,1,1,1,1,1,1,1,1,1,-1,1,1,1,1,1,1,1,1,1,1,1,1,1,1,1,1,1,1,1,1,1,0,1,1,1,1,1,1,1,1,1,1,1,1,1,1,1,1,1,1,1,1,1,1,1,1,1,1,1,1
2993,0,-1,1,1,1,1,1,1,1,1,1,1,1,1,1,1,-1,1,1,1,1,1,1,1,1,1,1,1,1,1,1,1,1,1,1,1,1,-1,1,1,1,0,1,1,1,1,1,1,1,1,1,1,1,1,1,1,1,1,1,1,1,1,1,1,1,1,1,1,1,1,1,1,1,0,1,1,1,1,1,1,1,1,0,1,1,1,1,1,1,1,1,1,1,1,1,1,1,1,1,1
1717,0,-1,1,1,1,1,1,1,1,1,1,1,1,1,1,1,1,0,1,1,1,1,1,1,1,1,1,1,1,1,1,1,1,1,0,1,1,1,1,1,1,1,1,1,1,1,1,1,1,1,1,0,-1,1,1,1,1,1,1,1,1,1,1,1,1,1,1,1,0,1,1,1,1,1,1,1,1,1,1,1,1,1,1,1,1,0,1,1,1,1,1,1,1,1,1,1,1,1,1,1
1649,0,-1,1,1,1,1,1,1,1,1,1,1,1,1,1,1,1,0,1,1,1,1,1,1,1,1,1,1,1,1,1,1,1,1,0,-1,1,1,1,1,1,1,1,1,1,1,1,1,1,1,1,0,1,1,1,1,1,1,1,1,1,1,1,1,1,1,1,1,0,1,1,1,1,1,1,1,1,1,1,1,1,1,1,1,1,0,1,1,1,1,1,1,1,1,1,1,1,0,1,1
2599,0,-1,1,1,1,1,1,1,1,1,1,1,1,1,1,1,-1,1,1,1,1,1,1,0,1,1,1,1,1,1,1,1,1,1,1,1,1,1,1,1,1,1,1,1,1,1,0,1,1,-1,1,1,1,1,1,1,1,1,1,1,1,1,1,1,1,1,1,1,1,0,1,1,1,1,1,1,1,1,1,1,1,1,1,1,1,1,1,1,1,1,1,1,0,1,1,1,1,1,1,1
1037,0,-1,1,1,1,1,1,1,1,1,1,1,1,1,1,1,1,0,1,1,1,1,1,1,1,1,1,1,1,1,1,1,1,1,0,1,1,1,1,1,1,1,1,1,1,1,1,1,1,1,1,0,1,1,1,1,1,1,1,1,1,0,1,1,1,1,1,1,0,1,1,1,1,1,1,1,1,1,1,1,1,1,1,1,1,0,-1,1,1,1,1,1,1,1,1,1,1,1,1,1
5311,0,-1,1,1,1,1,1,1,1,1,1,1,1,1,1,1,-1,1,1,1,1,1,1,1,1,1,1,1,-1,1,1,1,1,1,1,1,1,1,1,1,1,1,1,1,1,1,1,0,1,-1,1,1,1,1,1,1,1,1,1,1,1,1,1,1,1,1,1,1,1,1,1,1,1,1,1,1,1,1,1,1,1,1,1,1,1,1,1,1,1,1,1,1,1,1,0,1,1,1,1,1
901,0,-1,1,1,1,1,1,1,1,1,1,1,1,1,1,1,1,0,1,1,1,1,1,1,1,1,1,1,1,1,1,1,1,1,0,1,1,1,1,1,1,1,1,1,1,1,1,1,1,1,1,0,1,0,1,1,1,1,1,1,1,1,1,1,1,1,1,1,0,-1,1,1,1,1,1,1,1,1,1,1,1,1,1,1,1,0,1,1,1,1,1,1,1,1,1,1,1,1,1,1
3007,0,-1,1,1,1,1,1,1,1,1,1,1,1,1,1,1,1,1,1,1,1,1,1,1,1,1,1,1,1,1,1,0,1,1,1,-1,1,1,1,1,1,1,1,1,1,1,1,1,1,1,1,1,1,1,1,1,1,1,1,1,1,1,0,1,1,1,1,1,1,1,1,1,1,1,1,1,1,1,1,1,1,1,1,1,1,1,1,1,1,1,1,1,1,0,1,1,1,0,-1,1
11639,0,-1,1,1,1,1,1,1,1,1,1,1,1,1,1,1,-1,1,1,1,1,1,1,1,1,1,1,1,-1,1,-1,1,1,1,1,1,1,1,1,1,1,1,1,1,1,1,1,1,1,-1,1,1,1,1,1,1,1,1,1,1,1,1,1,1,1,1,1,1,1,1,1,1,1,1,1,1,1,1,1,1,1,1,1,1,1,1,1,1,1,1,1,1,1,1,1,1,1,1,1,1
2231,0,-1,1,1,1,1,1,1,1,1,1,1,1,1,1,1,1,1,1,1,1,1,1,0,1,1,1,1,1,1,1,1,1,1,1,-1,1,1,1,1,1,1,1,1,1,1,0,1,1,1,1,1,1,1,1,1,1,1,1,1,1,1,1,1,1,1,1,1,1,0,1,1,1,1,1,1,1,1,1,1,1,1,1,1,1,1,1,1,1,1,1,1,0,1,1,1,1,0,-1,1
799,0,-1,1,1,1,1,1,1,1,1,1,1,1,1,1,1,1,0,-1,1,1,1,1,1,1,1,1,1,1,1,1,1,1,1,0,1,1,1,1,1,1,1,1,1,1,1,1,0,1,1,1,0,1,1,1,1,1,1,1,1,1,1,1,1,1,1,1,1,0,1,1,1,1,1,1,1,1,1,1,1,1,1,1,1,1,0,1,1,1,1,1,1,1,1,0,1,1,1,1,1
2173,0,-1,1,1,1,1,1,1,1,1,-1,1,1,1,1,1,-1,1,1,1,1,1,1,1,1,1,1,1,1,1,1,1,1,1,1,1,1,1,1,1,1,0,-1,1,1,1,1,1,1,1,1,1,1,0,1,1,1,1,1,1,1,1,1,1,1,1,1,1,1,1,1,1,1,1,1,1,1,1,1,1,1,1,0,1,1,1,1,1,1,1,1,1,1,1,1,1,1,1,1,1
3277,0,-1,1,1,1,1,1,1,1,1,1,1,1,1,1,1,-1,1,1,1,1,1,1,1,1,1,1,1,1,0,-1,1,1,1,1,1,1,1,1,1,1,1,1,1,1,1,1,1,1,-1,1,1,1,1,1,1,1,1,0,1,1,1,1,1,1,1,1,1,1,1,1,1,1,1,1,1,1,1,1,1,1,1,1,1,1,1,1,0,1,1,1,1,1,1,1,1,1,1,1,1
2701,0,-1,1,1,1,1,1,1,1,1,1,1,1,1,1,1,-1,1,1,1,1,1,1,1,1,1,1,1,1,1,1,1,1,1,1,1,1,0,1,1,1,1,1,1,1,1,1,1,1,1,1,1,1,1,1,1,1,1,1,1,1,1,1,1,1,1,1,1,1,1,1,1,1,0,0,-1,1,1,1,1,1,-1,1,1,1,1,1,1,1,1,1,1,1,1,1,1,1,1,1,1
9379,0,-1,1,1,1,1,1,1,1,1,1,1,1,1,1,1,-1,1,1,1,1,1,1,1,1,1,1,1,-1,1,-1,1,1,1,1,1,1,1,1,1,1,1,1,1,1,1,1,1,1,-1,1,1,1,1,1,1,1,1,1,1,1,1,1,1,1,1,1,1,1,1,1,1,1,1,1,1,1,1,1,1,1,1,1,0,1,1,1,1,1,1,1,1,1,1,1,1,1,1,1,1
7957,0,-1,1,1,1,1,1,1,1,1,1,1,1,1,1,1,-1,1,1,1,1,1,1,1,1,1,1,1,1,1,1,1,1,1,1,1,1,1,1,1,1,1,1,1,1,1,1,1,1,1,1,1,1,1,1,1,1,1,1,1,1,1,1,1,1,1,1,1,1,1,1,1,1,0,1,-1,1,1,1,1,1,-1,1,1,1,1,1,1,1,-1,1,1,1,1,1,1,1,1,1,1
9701,0,-1,1,1,1,1,1,1,1,1,1,1,1,1,1,1,-1,1,1,1,1,1,1,1,1,1,1,1,1,1,1,1,1,1,1,1,1,1,1,1,1,1,1,1,1,-1,1,1,1,1,1,1,1,1,1,1,1,1,1,1,1,1,1,1,1,1,1,1,1,1,1,1,1,1,1,1,1,1,-1,1,1,1,1,1,1,1,1,1,1,0,1,1,1,1,1,1,1,-1,1,1
629,0,-1,1,1,1,1,1,1,1,1,1,1,1,1,1,1,1,0,1,1,1,1,1,1,1,1,1,1,1,1,1,1,1,1,0,1,1,0,1,1,1,1,1,1,1,1,1,1,1,1,1,0,1,1,1,1,1,1,1,1,1,1,1,1,1,1,1,1,0,1,1,1,1,1,0,1,1,1,1,1,1,1,1,1,1,0,-1,1,1,1,1,1,1,1,1,1,1,1,1,1
1469,0,-1,1,1,1,1,1,1,1,1,1,1,1,0,1,1,-1,1,1,1,1,1,1,1,1,1,0,1,1,1,1,1,1,1,1,1,1,1,1,0,1,1,1,1,1,1,1,1,1,1,1,1,0,1,1,1,1,1,1,1,1,1,1,1,1,0,1,1,1,1,1,1,1,1,1,1,1,1,0,1,1,1,1,1,1,1,1,1,1,1,1,0,1,1,1,1,1,1,1,1
697,0,-1,1,1,1,1,1,1,1,1,1,1,1,1,1,1,1,0,-1,1,1,1,1,1,1,1,1,1,1,1,1,1,1,1,0,1,1,1,1,1,1,0,1,1,1,1,1,1,1,1,1,0,1,1,1,1,1,1,1,1,1,1,1,1,1,1,1,1,0,1,1,1,1,1,1,1,1,1,1,1,1,1,0,1,1,0,1,1,1,1,1,1,1,1,1,1,1,1,1,1
1751,0,-1,1,1,1,1,1,1,1,1,1,1,1,1,1,1,1,0,-1,1,1,1,1,1,1,1,1,1,1,1,1,1,1,1,0,1,1,1,1,1,1,1,1,1,1,1,1,1,1,1,1,0,-1,1,1,1,1,1,1,1,1,1,1,1,1,1,1,1,0,1,1,1,1,1,1,1,1,1,1,1,1,1,1,1,1,0,1,1,1,1,1,1,1,1,1,1,1,1,1,1
3503,0,-1,1,1,1,1,1,1,1,1,1,1,1,1,1,1,-1,1,1,1,1,1,1,1,1,1,1,1,-1,1,1,0,1,1,1,1,1,1,1,1,1,1,1,1,1,1,1,1,1,-1,1,1,1,1,1,1,1,1,1,1,1,1,0,1,1,1,1,1,1,1,1,1,1,1,1,1,1,1,1,1,1,1,1,1,1,1,1,1,1,1,1,1,1,0,1,1,1,1,1,1
4453,0,-1,1,1,1,1,1,1,1,1,1,1,1,1,1,1,-1,1,1,1,1,1,1,1,1,1,1,1,1,1,1,1,1,1,1,1,1,1,1,1,1,1,1,1,1,1,1,1,1,1,1,1,1,1,1,1,1,1,1,1,1,0,1,1,1,1,1,1,1,1,1,1,1,0,-1,1,1,-1,1,1,1,-1,1,1,1,1,1,1,1,1,1,1,1,1,1,1,1,1,1,1
3869,0,-1,1,1,1,1,1,1,1,1,1,1,1,1,1,1,-1,1,1,1,1,1,1,1,1,1,1,1,1,1,1,1,1,1,1,1,1,1,1,1,1,1,1,1,1,1,1,1,1,1,1,1,1,0,1,1,1,1,1,1,1,1,1,1,1,1,1,1,1,1,1,1,1,0,1,1,1,-1,1,1,1,-1,1,1,1,1,1,1,1,-1,1,1,1,1,1,1,1,1,1,1
1207,0,-1,1,1,1,1,1,1,1,1,1,1,1,1,1,1,1,0,-1,1,1,1,1,1,1,1,1,1,1,1,1,1,1,1,0,1,1,1,1,1,1,1,1,1,1,1,1,1,1,1,1,0,1,1,1,1,1,1,1,1,1,1,1,1,1,1,1,1,0,1,1,0,1,1,1,1,1,1,1,1,1,1,1,1,1,0,-1,1,1,1,1,1,1,1,1,1,1,1,1,1
1343,0,-1,1,1,1,1,1,1,1,1,1,1,1,1,1,1,1,0,-1,1,1,1,1,1,1,1,1,1,1,1,1,1,1,1,0,1,1,1,1,1,1,1,1,1,1,1,1,1,1,1,1,0,-1,1,1,1,1,1,1,1,1,1,1,1,1,1,1,1,0,1,1,1,1,1,1,1,1,1,1,0,1,1,1,1,1,0,1,1,1,1,1,1,1,1,1,1,1,1,1,1
1411,0,-1,1,1,1,1,1,1,1,1,1,1,1,1,1,1,1,0,1,1,1,1,1,1,1,1,1,1,1,1,1,1,1,1,0,1,1,1,1,1,1,1,1,1,1,1,1,1,1,1,1,0,1,1,1,1,1,1,1,1,1,1,1,1,1,1,1,1,0,-1,1,1,1,1,1,1,1,1,1,1,1,1,1,0,1,0,-1,1,1,1,1,1,1,1,1,1,1,1,1,1
1157,0,-1,1,1,1,1,1,1,1,1,1,1,1,0,1,1,-1,1,1,1,1,1,1,1,1,1,0,1,1,1,1,1,1,1,1,1,1,1,1,0,1,1,1,1,1,1,1,1,1,1,1,1,0,1,1,1,1,1,1,1,1,1,1,1,1,0,1,1,1,1,1,1,1,1,1,1,1,1,0,1,1,1,1,1,1,1,1,1,1,0,1,0,1,1,1,1,1,1,1,1
2581,0,-1,1,1,1,1,1,1,1,1,1,1,1,1,1,1,-1,1,1,1,1,1,1,1,1,1,1,1,1,0,1,1,1,1,1,1,1,1,1,1,1,1,1,1,1,-1,1,1,1,1,1,1,1,1,1,1,1,1,0,1,1,1,1,1,1,1,1,1,1,1,1,1,1,1,1,1,1,1,-1,1,1,1,1,1,1,1,1,0,1,0,1,1,1,1,1,1,1,1,1,1
1139,0,-1,1,1,1,1,1,1,1,1,1,1,1,1,1,1,1,0,1,1,1,1,1,1,1,1,1,1,1,1,1,1,1,1,0,-1,1,1,1,1,1,1,1,1,1,1,1,1,1,1,1,0,1,1,1,1,1,1,1,1,1,1,1,1,1,1,1,0,0,1,1,1,1,1,1,1,1,1,1,1,1,1,1,1,1,0,-1,1,1,1,1,1,1,1,1,1,1,1,1,1
2117,0,-1,1,1,1,1,1,1,1,1,1,1,1,1,1,1,-1,1,1,1,1,1,1,1,1,1,1,1,1,0,1,1,1,1,1,1,1,1,1,1,1,1,1,1,1,1,1,1,1,1,1,1,1,1,1,1,1,1,0,1,1,1,1,1,1,1,1,1,1,1,1,1,1,0,-1,1,1,1,1,1,1,-1,1,1,1,1,1,0,1,1,1,1,1,1,1,1,1,1,1,1
1843,0,-1,1,1,1,1,1,1,1,1,1,1,1,1,1,1,1,1,1,0,1,1,1,1,1,1,1,1,1,1,1,1,1,1,1,-1,1,1,0,1,1,1,1,1,1,1,1,1,1,1,1,1,1,1,1,1,1,0,1,1,1,-1,1,1,1,1,1,1,1,1,1,1,1,1,1,1,0,1,1,1,1,1,1,1,1,1,1,1,1,1,1,1,1,1,1,0,1,0,1,1
1517,0,-1,1,1,1,1,1,1,1,1,-1,1,1,1,1,1,-1,1,1,1,1,1,1,1,1,1,1,1,1,1,1,1,1,1,1,1,1,0,1,1,1,0,1,1,1,1,1,1,1,1,1,1,1,1,1,1,1,1,1,1,1,1,1,1,1,1,1,1,1,1,1,1,1,1,0,1,1,1,1,1,1,1,0,-1,1,1,1,1,1,1,1,1,1,1,1,1,1,1,1,1
493,0,-1,1,1,1,1,1,1,1,1,1,1,1,1,1,1,1,0,1,1,1,1,1,1,1,1,1,1,1,0,1,1,1,1,0,1,1,1,1,1,1,1,1,1,1,1,1,1,1,1,1,0,-1,1,1,1,1,1,0,1,1,1,1,1,1,1,1,1,0,1,1,1,1,1,1,1,1,1,1,1,1,1,1,1,1,0,1,0,1,1,1,1,1,1,1,1,1,1,1,1
1003,0,-1,1,1,1,1,1,1,1,1,1,1,1,1,1,1,1,0,1,1,1,1,1,1,1,1,1,1,1,1,1,1,1,1,0,-1,1,1,1,1,1,1,1,1,1,1,1,1,1,1,1,0,1,1,1,1,1,1,1,0,1,1,1,1,1,1,1,1,0,1,1,1,1,1,1,1,1,1,1,1,1,1,1,1,1,0,-1,1,1,1,1,1,1,1,1,1,1,1,1,1
3737,0,-1,1,1,1,1,1,1,1,1,1,1,1,1,1,1,-1,1,1,1,1,1,1,1,1,1,1,1,1,1,1,1,1,1,1,1,1,0,1,1,1,1,1,1,1,1,1,1,1,1,1,1,1,1,1,1,1,1,1,1,1,1,1,1,1,1,1,1,1,1,1,-1,1,1,0,1,1,1,1,1,1,-1,1,1,-1,1,1,1,1,1,1,1,1,1,1,1,1,1,1,1
4141,0,-1,1,1,1,1,1,1,1,1,1,1,1,1,1,1,-1,1,1,1,1,1,1,1,1,1,1,1,1,1,1,1,1,1,1,1,1,-1,1,1,1,0,1,1,1,1,1,1,1,1,1,1,1,1,1,1,1,1,1,1,1,1,1,1,1,1,1,1,1,1,1,1,1,1,1,1,1,1,-1,1,1,1,0,1,1,1,1,1,1,1,1,1,-1,1,1,1,1,1,1,1
2501,0,-1,1,1,1,1,1,1,1,1,1,1,1,1,1,1,-1,1,1,1,1,1,1,1,1,1,1,1,1,1,1,1,1,1,1,1,1,1,1,1,1,0,-1,1,1,1,1,1,1,1,1,1,1,1,1,1,1,-1,1,1,1,0,1,1,1,1,1,1,1,1,1,1,1,1,1,1,1,1,1,1,1,1,0,-1,1,1,1,1,1,1,1,1,1,1,1,1,1,1,1,1
2419,0,-1,1,1,1,1,1,1,1,1,1,1,1,1,1,1,-1,1,1,1,1,1,1,1,1,1,1,1,1,1,1,1,1,1,1,1,1,1,1,1,1,0,1,1,1,1,1,1,1,1,1,-1,1,1,1,1,1,-1,1,0,1,1,1,1,1,1,1,1,1,1,1,1,1,1,1,1,1,1,-1,1,1,1,0,1,1,1,1,1,1,1,1,1,1,1,1,1,1,1,1,1
9523,0,-1,1,1,-1,1,1,1,1,1,1,1,1,1,1,1,-1,1,1,1,1,1,1,1,1,1,1,1,1,1,1,1,1,1,1,1,1,1,1,-1,1,1,1,1,1,1,1,1,1,1,1,1,1,1,1,1,1,1,1,1,1,1,1,1,-1,1,1,1,1,1,1,1,1,1,1,1,1,1,1,1,1,1,1,1,1,1,1,1,1,0,-1,1,1,1,1,1,1,1,1,1
731,0,-1,1,1,1,1,1,1,1,1,1,1,1,1,1,1,1,0,1,1,1,1,1,1,1,1,1,1,1,1,1,1,1,1,0,-1,1,1,1,1,1,1,1,0,1,1,1,1,1,1,1,0,-1,1,1,1,1,1,1,1,1,1,1,1,1,1,1,1,0,1,1,1,1,1,1,1,1,1,1,1,1,1,1,1,1,0,0,1,1,1,1,1,1,1,1,1,1,1,1,1
323,0,-1,1,1,1,1,1,1,1,1,1,1,1,1,1,1,1,0,1,0,1,1,1,1,1,1,1,1,1,1,1,1,1,1,0,-1,1,1,0,1,1,1,1,1,1,1,1,1,1,1,1,0,1,1,1,1,1,0,1,1,1,1,1,1,1,1,1,1,0,1,1,1,1,1,1,1,0,1,1,1,1,1,1,1,1,0,1,1,1,1,1,1,1,1,1,0,1,1,1,1
5251,0,-1,1,1,-1,1,1,1,1,1,1,1,1,1,1,1,-1,1,1,1,1,1,1,1,1,1,1,1,1,1,1,1,1,1,1,1,1,1,1,1,1,1,1,1,1,-1,1,1,1,1,1,1,1,1,1,1,1,1,1,0,1,1,1,1,-1,1,1,1,1,1,1,1,1,1,1,1,1,1,-1,1,1,1,1,1,1,1,1,1,1,0,1,1,1,1,1,1,1,1,1,1
1261,0,-1,1,1,1,1,1,1,1,1,1,1,1,0,1,1,1,1,1,1,1,1,1,1,1,1,0,1,1,1,1,1,1,1,1,-1,1,1,1,0,1,1,1,1,1,1,1,1,1,1,1,1,0,1,1,1,1,1,1,1,1,-1,1,1,1,0,1,1,1,1,1,1,1,1,1,1,1,1,0,1,1,1,1,1,1,1,1,1,1,1,1,0,1,1,1,1,1,0,1,1
3139,0,-1,1,1,-1,1,1,1,1,1,1,1,1,1,1,1,-1,1,1,1,1,1,1,1,1,1,1,1,1,1,1,1,1,1,1,1,1,1,1,1,1,1,1,0,1,1,1,1,1,1,1,1,1,1,1,1,1,1,1,1,1,1,1,1,-1,1,1,1,1,1,1,1,1,0,-1,1,1,1,1,1,1,-1,1,1,1,1,0,1,1,1,1,1,1,1,1,1,1,1,1,1
1189,0,-1,1,1,1,1,1,1,1,1,1,1,1,1,1,1,-1,1,1,1,1,1,1,1,1,1,1,1,1,0,1,1,1,1,1,1,1,1,1,1,1,0,1,1,1,1,1,1,1,1,1,1,1,1,1,1,1,1,0,-1,1,1,1,1,1,1,1,1,1,1,1,1,1,1,1,1,1,1,-1,1,1,1,0,-1,1,1,1,0,1,1,1,1,1,1,1,1,1,1,1,1
1819,0,-1,1,1,1,1,1,1,1,1,1,1,1,1,1,1,1,0,1,1,1,1,1,1,1,1,1,1,1,1,1,1,1,1,0,-1,1,1,1,1,1,1,1,1,1,1,1,1,1,1,1,0,-1,1,1,1,1,1,1,1,1,1,1,1,1,1,1,1,0,-1,1,1,1,1,1,1,1,1,1,1,1,1,1,1,1,0,-1,1,1,1,1,1,1,1,1,1,1,1,1,1
2147,0,-1,1,1,1,1,1,1,1,1,1,1,1,1,1,1,-1,1,1,0,1,1,1,1,1,1,1,1,-1,1,-1,1,1,1,1,1,1,1,0,1,1,1,1,1,1,1,1,1,1,-1,1,1,1,1,1,1,1,0,1,1,1,1,1,1,1,1,1,1,1,1,1,1,1,1,1,1,0,1,1,1,1,1,1,1,1,1,1,1,1,1,1,1,1,1,1,0,1,1,1,1
6161,0,-1,1,1,1,1,1,1,1,1,1,1,1,1,1,1,-1,1,1,1,1,1,1,1,1,-1,1,1,1,1,1,1,1,1,1,1,1,1,1,1,1,1,1,1,1,1,1,1,1,1,1,1,1,1,1,1,-1,1,-1,1,1,0,1,1,1,1,1,1,1,1,1,1,1,1,1,1,1,1,1,1,1,-1,1,1,1,1,1,1,1,1,1,1,1,1,1,-1,1,1,1,1
4307,0,-1,1,1,-1,1,1,1,1,1,1,1,1,1,1,1,-1,1,1,1,1,1,1,1,1,1,1,1,1,1,1,1,1,1,1,1,1,1,1,1,1,1,1,1,1,1,1,1,1,1,1,1,1,1,1,1,1,1,1,0,1,1,1,1,-1,1,1,1,1,1,1,1,1,0,-1,-1,1,1,1,1,1,-1,1,1,1,1,1,1,1,1,1,1,1,1,1,1,1,1,1,1
11009,0,-1,1,1,1,-1,1,1,1,1,1,1,1,1,1,1,-1,1,1,1,1,1,1,1,1,-1,1,1,1,1,1,1,1,1,1,1,1,1,1,1,1,1,1,1,1,1,1,1,1,1,1,1,1,1,1,1,1,1,1,1,1,1,1,1,1,1,1,1,1,1,1,1,1,1,1,1,1,1,-1,1,-1,-1,1,1,1,1,1,1,1,1,1,1,1,1,1,1,1,-1,1,1
4223,0,-1,1,1,1,1,1,1,1,1,1,1,1,1,1,1,-1,1,-1,1,1,1,1,1,1,1,1,1,1,1,1,1,1,1,1,1,1,1,1,1,1,0,1,1,1,1,1,1,1,1,1,1,1,1,1,1,1,1,1,-1,1,1,1,1,1,1,1,1,1,1,1,1,1,1,1,1,1,1,1,1,1,1,0,-1,1,1,1,1,1,1,1,1,-1,1,1,1,1,1,-1,1
6497,0,-1,-1,1,-1,1,1,1,-1,1,1,1,1,1,1,1,-1,1,1,1,1,1,1,1,1,1,1,1,1,1,1,1,-1,1,1,1,1,1,1,1,1,1,1,1,1,1,1,1,1,1,1,1,1,1,1,1,1,1,1,1,1,1,1,1,-1,1,1,1,1,1,1,1,1,0,1,1,1,1,1,1,1,1,1,1,1,1,1,1,1,0,1,1,1,1,1,1,1,1,1,1
7387,0,-1,1,1,-1,1,1,1,1,1,1,1,1,1,1,1,-1,1,1,1,1,1,1,1,1,1,1,1,1,1,1,1,1,1,1,1,1,1,1,1,1,1,1,1,1,1,1,1,1,1,1,1,1,1,1,1,1,1,1,1,1,1,1,1,-1,1,1,1,1,1,1,1,1,1,1,1,1,1,-1,1,1,1,1,0,1,1,1,1,1,0,-1,1,1,-1,1,1,1,1,1,1
221,0,-1,1,1,1,1,1,1,1,1,1,1,1,0,1,1,1,0,1,1,1,1,1,1,1,1,0,1,1,1,1,1,1,1,0,-1,1,1,1,0,1,1,1,1,1,1,1,1,1,1,1,0,0,1,1,1,1,1,1,1,1,1,1,1,1,0,1,1,0,1,1,1,1,1,1,1,1,1,0,1,1,1,1,1,1,0,1,1,1,1,1,0,1,1,1,1,1,1,1,1
527,0,-1,1,1,1,1,1,1,1,1,1,1,1,1,1,1,1,0,-1,1,1,1,1,1,1,1,1,1,1,1,1,0,1,1,0,-1,1,1,1,1,1,1,1,1,1,1,1,1,1,1,1,0,1,1,1,1,1,1,1,1,1,1,0,1,1,1,1,1,0,-1,1,1,1,1,1,1,1,1,1,1,1,1,1,1,1,0,1,1,1,1,1,1,1,0,1,1,1,1,1,1
391,0,-1,1,1,1,1,1,1,1,1,1,1,1,1,1,1,1,0,-1,1,1,1,1,0,1,1,1,1,1,1,1,1,1,1,0,-1,1,1,1,1,1,1,1,1,1,1,0,1,1,1,1,0,-1,1,1,1,1,1,1,1,1,1,1,1,1,1,1,1,0,0,1,1,1,1,1,1,1,1,1,1,1,1,1,1,1,0,1,1,1,1,1,1,0,1,1,1,1,1,1,1
2747,0,-1,1,1,1,1,1,1,1,1,-1,1,1,1,1,1,-1,1,1,1,1,1,1,1,1,1,1,1,1,1,1,1,1,1,1,1,1,-1,1,1,1,0,1,1,1,1,1,1,1,1,1,1,1,1,1,1,1,1,1,-1,1,1,1,1,1,1,1,0,1,1,1,1,1,1,1,1,1,1,1,1,1,1,0,-1,1,1,1,1,1,1,1,1,-1,1,1,1,1,1,1,1
7811,0,-1,1,1,-1,1,1,1,1,1,1,1,1,1,1,1,-1,1,1,1,1,1,1,1,1,1,1,1,1,1,1,1,1,1,1,1,1,-1,1,1,1,1,1,1,1,1,1,1,1,1,1,1,1,1,1,1,1,1,1,1,1,1,1,1,-1,1,1,1,1,1,1,1,1,0,1,-1,1,1,1,1,1,-1,1,1,1,1,1,1,1,-1,1,1,1,1,1,1,1,1,1,1
779,0,-1,1,1,1,1,1,1,1,1,1,1,1,1,1,1,-1,1,1,0,1,1,1,1,1,1,1,1,1,1,1,1,1,1,1,1,1,1,0,1,1,0,-1,1,1,1,1,1,1,1,1,1,1,1,1,1,1,0,1,1,1,1,1,1,1,1,1,1,1,1,1,1,1,1,1,1,0,1,1,1,1,1,0,-1,1,1,1,1,1,1,1,1,-1,1,1,0,1,1,1,1
533,0,-1,1,1,1,1,1,1,1,1,1,1,1,0,1,1,-1,1,1,1,1,1,1,1,1,1,0,1,1,1,1,1,1,1,1,1,1,1,1,0,1,0,-1,1,1,1,1,1,1,1,1,1,0,1,1,1,1,1,1,1,1,1,1,1,1,0,1,1,1,1,1,1,1,1,1,1,1,1,0,1,1,1,0,1,1,1,1,1,1,1,1,0,-1,1,1,1,1,1,1,1
6649,0,-1,1,1,1,1,1,1,1,-1,1,1,1,1,1,-1,-1,1,1,1,1,1,-1,1,1,-1,1,1,1,1,1,1,1,1,1,1,1,1,1,1,1,1,1,1,1,1,1,1,1,1,1,1,1,1,1,1,1,1,1,1,1,0,1,1,1,1,1,1,1,1,1,1,1,-1,1,1,1,1,1,1,1,-1,1,1,1,1,1,1,1,1,1,1,1,1,1,1,1,1,1,1
949,0,-1,1,1,1,1,1,1,1,1,1,1,1,0,1,1,-1,1,1,1,1,1,1,1,1,1,0,1,1,1,1,1,1,1,1,1,1,1,1,0,1,1,1,1,1,1,1,1,1,1,1,1,0,1,1,-1,1,1,1,1,1,1,1,1,1,0,1,1,1,1,1,1,1,0,-1,1,1,1,0,1,1,-1,1,1,1,1,1,1,1,1,1,0,1,1,1,1,1,1,1,1
1537,0,-1,1,1,1,1,1,1,1,1,1,1,1,1,1,1,-1,1,1,1,1,1,1,1,-1,1,1,1,1,0,1,1,1,1,1,1,-1,1,1,1,1,1,1,1,1,1,1,1,1,-1,1,1,1,0,-1,1,1,1,0,1,1,1,1,1,1,1,1,1,1,1,1,1,1,1,1,1,1,1,1,1,1,-1,1,1,1,1,1,0,1,1,1,1,1,1,1,1,1,1,1,1
943,0,-1,1,1,1,1,1,1,1,1,1,1,1,1,1,1,-1,1,-1,1,1,1,1,0,1,1,1,1,1,1,1,1,1,1,1,1,1,1,1,1,1,0,1,1,1,1,0,1,1,1,1,1,1,1,1,1,1,1,1,-1,1,1,1,1,1,1,1,1,1,0,1,1,1,1,1,1,1,1,-1,1,1,1,0,1,1,1,1,1,1,1,1,1,0,1,1,1,1,1,-1,1
5963,0,-1,1,1,-1,1,1,1,1,1,1,1,1,1,1,1,-1,1,1,1,1,1,1,1,1,1,1,1,1,1,1,1,1,1,1,1,1,1,1,-1,1,1,1,1,1,1,1,1,1,1,1,1,1,1,1,1,1,1,1,1,1,1,1,1,-1,1,1,0,1,1,1,1,1,1,1,1,1,1,1,1,1,1,1,1,1,1,1,1,1,0,-1,-1,1,-1,1,1,1,1,1,1
6059,0,-1,1,1,-1,1,1,1,1,1,1,1,1,1,1,1,-1,1,1,1,1,1,1,1,1,1,1,1,1,1,1,1,1,1,1,1,1,-1,1,1,1,1,1,1,1,1,1,1,1,1,1,1,1,1,1,1,1,1,1,1,1,1,1,1,-1,1,1,1,1,1,1,1,1,0,1,-1,1,-1,1,1,1,-1,1,0,1,1,1,1,1,1,1,1,1,1,1,1,1,1,1,1
1769,0,-1,1,1,1,1,1,1,1,1,1,1,1,1,1,1,-1,1,1,1,-1,1,1,1,1,-1,1,1,1,0,1,1,1,1,1,1,1,1,1,1,1,1,1,1,1,1,1,1,1,1,1,1,1,1,1,1,1,1,0,1,1,0,1,1,1,1,1,1,1,1,1,1,1,1,-1,1,1,1,1,1,1,-1,1,-1,1,1,1,0,1,1,1,1,1,1,1,1,1,1,1,1
4387,0,-1,1,1,1,1,1,1,1,1,-1,1,1,1,1,1,-1,1,1,1,1,1,1,1,1,1,1,1,1,1,1,1,1,1,1,1,1,-1,1,1,1,0,-1,1,1,1,1,1,1,1,1,1,1,1,1,1,1,-1,1,1,1,1,1,1,1,1,1,1,1,1,1,1,1,1,1,1,1,1,1,1,1,1,0,-1,1,1,1,1,1,1,1,1,-1,1,1,1,1,1,1,1
3403,0,-1,1,1,1,1,1,1,1,1,-1,1,1,1,1,1,-1,1,1,1,1,1,1,1,1,1,1,1,1,1,1,1,1,1,1,1,1,-1,1,1,1,0,1,1,1,1,1,1,1,1,1,-1,1,1,1,1,1,1,1,-1,1,1,1,1,1,1,1,1,1,1,1,1,1,1,1,1,1,1,-1,1,1,1,0,0,1,1,1,1,1,1,1,1,-1,1,1,1,1,1,1,1
3161,0,-1,1,1,1,1,1,-1,1,1,1,1,1,1,1,1,-1,1,1,1,1,1,1,1,1,-1,1,1,1,0,1,1,1,1,1,1,1,1,1,1,1,1,1,1,1,-1,1,1,1,-1,1,1,1,1,1,1,1,1,0,1,1,1,1,1,1,1,1,1,1,1,1,1,1,1,1,1,1,1,-1,1,1,-1,1,1,1,1,1,0,1,1,1,1,1,1,1,1,1,1,1,1
1073,0,-1,1,1,1,1,1,-1,1,1,1,1,1,1,1,1,-1,1,1,1,1,1,1,1,1,1,1,1,1,0,1,1,1,1,1,1,1,0,1,1,1,1,1,1,1,1,1,1,1,-1,1,1,1,-1,1,1,1,1,0,1,1,1,1,1,1,1,1,1,1,1,1,1,1,1,0,1,1,1,1,1,1,-1,1,-1,1,1,1,0,1,1,1,1,1,1,1,1,1,1,1,1
3827,0,-1,1,1,-1,1,1,1,1,1,1,1,1,1,1,1,-1,1,1,1,1,1,1,1,1,1,1,1,1,1,1,1,1,1,1,1,1,1,1,1,1,1,1,0,1,1,1,1,1,1,1,1,1,1,1,1,1,1,1,1,1,1,1,1,-1,1,1,-1,1,1,1,1,1,1,1,1,1,1,-1,1,1,1,1,1,1,1,0,1,1,0,-1,1,1,1,1,1,1,-1,1,1
4183,0,-1,-1,1,-1,1,1,1,-1,1,1,1,1,1,1,1,-1,1,1,1,1,1,1,1,1,1,1,1,1,1,1,1,-1,1,1,1,1,1,1,1,1,1,1,1,1,1,1,0,1,1,1,1,1,1,1,1,1,1,1,1,1,1,1,1,-1,1,1,1,1,1,1,1,1,1,1,1,1,1,1,1,1,1,1,1,1,1,1,1,1,0,1,1,1,1,0,1,1,-1,1,1
481,0,-1,1,1,1,1,1,1,1,-1,1,1,1,0,1,1,-1,1,1,1,1,1,1,1,1,1,0,1,1,1,1,1,1,1,1,1,1,0,1,0,1,1,1,1,1,1,1,1,1,1,1,1,0,-1,1,1,1,1,1,1,1,1,1,1,1,0,1,1,1,1,1,1,1,1,0,1,1,1,0,1,1,-1,1,1,1,1,1,1,1,1,1,0,1,1,1,1,1,1,1,1
7519,0,-1,-1,1,-1,1,1,1,-1,1,1,1,1,1,1,1,-1,1,1,1,1,1,1,1,1,1,1,1,1,1,1,1,-1,1,1,1,1,1,1,1,1,1,1,1,1,1,1,1,1,1,1,1,1,1,1,-1,1,1,1,1,1,1,1,1,-1,1,1,1,1,1,1,1,1,0,1,1,1,1,1,1,1,-1,1,1,1,1,1,1,1,1,1,1,1,1,1,1,1,1,1,1
5777,0,-1,1,1,1,1,1,1,1,1,1,1,1,1,1,-1,-1,1,1,1,1,1,1,1,1,1,1,1,1,1,1,1,1,1,1,1,1,1,1,1,1,1,1,1,1,1,1,1,1,-1,1,1,1,0,1,1,1,1,1,1,1,1,1,-1,1,1,-1,1,1,1,1,1,1,1,1,1,1,1,1,1,1,-1,1,1,1,1,1,1,1,-1,1,1,1,1,1,1,1,-1,1,1
5353,0,-1,1,1,1,1,1,1,1,1,1,1,1,1,1,1,-1,1,1,1,1,1,1,1,-1,1,1,1,1,1,1,1,1,1,1,1,-1,1,1,1,1,1,1,1,1,1,1,1,1,1,1,1,1,0,-1,1,1,1,1,1,1,1,1,1,1,1,1,1,-1,1,1,1,1,1,1,1,1,1,1,1,1,-1,1,1,1,1,1,1,1,1,1,1,1,1,1,-1,1,-1,1,1
2911,0,-1,1,1,1,1,1,1,1,1,-1,1,1,1,1,1,-1,1,-1,1,1,1,1,1,1,1,1,1,1,1,1,1,1,1,1,1,1,-1,1,1,1,0,1,1,1,1,1,1,1,1,1,1,1,1,1,1,1,-1,1,1,1,1,1,1,1,1,1,1,1,1,1,0,1,1,1,1,1,1,1,1,1,1,0,-1,1,1,1,1,1,1,1,1,1,1,1,1,1,1,-1,1
2263,0,-1,-1,1,-1,1,1,1,-1,1,1,1,1,1,1,1,-1,1,1,1,1,1,1,1,1,1,1,1,1,1,1,0,-1,1,1,1,1,1,1,1,1,1,1,1,1,1,1,1,1,1,1,1,1,1,1,1,1,1,1,1,1,1,0,1,-1,1,1,1,1,1,1,1,1,0,1,1,1,1,1,1,1,-1,1,1,1,1,1,1,1,1,1,1,1,0,1,1,1,1,1,1
1763,0,-1,1,1,1,1,1,1,1,1,-1,1,1,1,1,1,-1,1,1,1,1,1,1,1,1,1,1,1,1,1,1,1,1,1,1,1,1,1,1,1,1,0,1,0,1,1,1,1,1,1,1,1,1,1,1,1,1,-1,1,-1,1,1,1,1,1,1,1,1,1,1,1,1,1,1,1,1,1,1,-1,1,1,1,0,-1,1,1,0,1,1,1,1,1,-1,1,1,1,1,1,1,1
4891,0,-1,1,1,-1,1,1,1,1,1,1,1,1,1,1,1,-1,1,1,1,1,1,1,1,1,1,1,1,1,1,1,1,1,1,1,1,1,-1,1,1,1,1,1,1,1,1,1,1,1,1,1,1,1,1,1,-1,1,1,1,1,1,1,1,1,-1,1,1,0,1,1,1,1,1,0,1,1,1,-1,1,1,1,-1,1,1,1,1,1,1,1,-1,1,1,1,1,1,1,1,1,1,1
3233,0,-1,1,1,1,1,1,1,1,1,1,1,1,-1,1,-1,-1,1,1,1,1,1,1,1,1,1,1,1,1,1,1,1,1,1,1,1,1,1,1,1,1,1,-1,1,1,1,1,-1,1,1,1,1,1,0,1,1,1,1,1,1,1,0,1,1,1,1,1,1,1,1,1,1,1,1,1,1,1,-1,1,1,1,-1,1,1,1,1,1,1,1,1,1,1,1,1,1,-1,1,1,1,1
1691,0,-1,1,1,-1,1,1,1,1,1,1,1,1,1,1,1,-1,1,1,0,1,1,1,1,1,1,1,1,1,1,1,1,1,1,1,1,1,1,0,-1,1,1,1,1,1,-1,1,1,1,1,1,1,1,1,1,1,1,0,1,1,1,1,1,1,-1,1,1,1,1,1,1,1,1,1,1,1,0,1,1,1,1,1,1,1,1,1,1,1,1,0,1,1,1,-1,1,0,1,1,1,1
689,0,-1,1,1,1,1,1,1,1,1,1,1,1,0,1,1,-1,1,1,1,1,1,1,1,1,1,0,1,1,1,1,1,1,1,1,1,1,1,1,0,1,1,-1,1,1,1,1,1,1,1,1,1,0,0,1,1,1,1,1,1,1,1,1,1,1,0,-1,1,-1,1,1,1,1,1,1,1,1,1,0,1,1,-1,1,1,1,1,1,1,1,1,1,0,1,1,1,1,1,1,1,1
1271,0,-1,1,1,1,1,1,1,1,1,-1,1,1,1,1,1,-1,1,-1,1,1,1,1,1,1,1,1,1,1,1,1,0,1,1,1,1,1,1,1,1,1,0,1,1,1,1,1,1,1,1,1,-1,1,1,1,1,1,1,1,-1,1,1,0,1,1,1,1,1,1,1,1,1,1,1,1,1,1,1,-1,1,1,1,0,1,1,1,1,1,1,1,1,1,1,0,1,1,1,1,-1,1
9167,0,-1,-1,1,-1,1,1,1,-1,1,1,1,1,1,1,1,-1,1,1,1,1,1,1,1,1,1,1,1,1,1,1,1,-1,1,1,1,1,1,1,1,1,1,1,1,1,1,1,1,1,1,1,1,1,1,1,1,1,1,1,1,1,1,1,1,-1,1,1,1,1,1,1,1,1,1,1,1,1,1,1,1,1,1,1,1,1,1,1,1,1,0,1,-1,1,-1,1,1,1,-1,1,1
1313,0,-1,1,1,1,1,1,1,1,1,1,1,1,0,1,1,-1,1,1,1,1,1,1,1,1,1,0,1,1,1,1,1,1,1,1,1,1,1,1,0,1,1,1,1,1,1,1,1,1,1,1,1,0,1,1,1,1,1,1,1,1,1,1,1,1,0,1,1,-1,1,1,1,1,1,1,1,1,1,0,-1,1,-1,1,1,1,1,1,-1,1,1,1,0,-1,1,1,1,1,1,1,1
3239,0,-1,1,1,1,1,1,1,1,1,-1,1,1,1,1,1,-1,1,-1,1,1,1,1,1,1,1,1,1,1,1,1,1,1,1,1,1,1,1,1,1,1,0,-1,1,1,1,1,1,1,1,1,-1,1,1,1,1,1,1,1,1,1,1,1,1,1,1,1,1,1,1,1,1,1,1,1,1,1,1,1,0,1,1,0,-1,1,1,1,1,1,1,1,1,-1,1,1,1,1,1,-1,1
1961,0,-1,1,1,1,1,1,1,1,1,-1,1,1,1,1,1,-1,1,1,1,1,1,1,1,1,1,1,1,1,1,1,1,1,1,1,1,1,0,1,1,1,1,1,1,-1,1,-1,-1,1,-1,1,1,1,0,1,1,1,1,1,1,1,1,1,-1,1,1,1,1,1,1,1,1,1,1,0,1,1,1,1,1,1,-1,1,1,1,1,1,1,1,1,1,1,1,1,1,1,1,1,1,1
1387,0,-1,1,1,-1,1,1,1,1,1,1,1,1,1,1,1,-1,1,1,0,1,1,1,1,1,1,1,1,1,1,1,1,1,1,1,1,1,1,0,1,1,1,1,1,1,1,1,1,1,1,1,1,1,1,1,-1,1,0,1,1,1,1,1,1,-1,1,1,1,1,1,1,1,1,0,-1,1,0,-1,1,1,1,-1,1,1,1,1,1,1,1,1,1,1,1,1,1,0,1,1,1,1
5063,0,-1,1,1,1,1,1,1,1,-1,1,1,-1,1,1,1,-1,1,1,1,1,1,1,1,1,-1,1,1,1,1,1,1,1,1,1,1,1,1,1,1,1,1,1,1,1,1,1,1,1,1,1,1,1,1,1,1,1,1,1,1,1,0,1,1,1,1,1,1,1,1,-1,1,1,1,1,1,1,-1,1,1,1,-1,1,0,1,1,-1,1,1,1,1,1,1,1,1,-1,1,1,1,1
793,0,-1,1,1,1,1,1,1,1,-1,1,1,1,0,1,1,-1,1,1,1,1,1,-1,1,1,1,0,1,1,1,1,1,1,1,1,1,1,1,1,0,1,1,-1,1,1,1,1,1,1,1,1,1,0,1,1,1,1,1,1,1,1,0,1,1,1,0,1,1,1,1,1,1,1,1,-1,1,1,1,0,1,1,-1,1,1,1,1,1,1,1,1,1,0,1,1,1,1,1,1,1,1
6319,0,-1,-1,1,-1,1,1,1,-1,1,1,1,1,1,1,1,-1,1,1,1,1,1,1,1,1,1,1,1,1,1,1,1,-1,1,1,1,1,1,1,1,1,1,1,1,1,-1,1,1,1,1,1,1,1,1,1,1,1,1,1,1,1,1,1,1,-1,1,1,1,1,1,1,0,1,1,1,1,1,1,1,1,1,1,1,1,1,1,1,1,1,0,-1,-1,1,1,1,1,1,1,1,1
377,0,-1,1,1,1,1,1,1,1,1,1,1,1,0,1,1,-1,1,1,1,1,1,1,1,1,1,0,1,1,0,1,1,1,1,1,1,1,1,1,0,1,1,1,1,1,1,1,1,1,1,1,1,0,-1,1,1,1,1,0,1,1,1,1,1,1,0,1,1,1,1,1,1,1,1,-1,1,1,1,0,1,1,-1,1,1,1,1,1,0,1,1,1,0,1,1,-1,1,1,1,1,1
5767,0,-1,-1,1,-1,1,1,1,-1,1,1,1,1,1,1,1,-1,1,1,1,1,1,1,1,1,1,1,1,1,1,1,1,-1,1,1,1,1,1,1,1,1,1,1,1,1,1,1,1,1,1,1,1,1,1,1,-1,1,1,1,1,1,1,1,1,-1,1,1,1,1,1,1,1,1,0,1,1,1,1,1,0,1,-1,1,1,1,1,1,1,1,-1,1,1,1,1,1,1,1,1,1,1
1927,0,-1,1,1,1,1,1,1,1,1,1,1,1,1,1,1,-1,1,-1,1,1,1,1,1,1,1,1,1,1,1,1,1,1,1,1,1,1,-1,1,1,1,0,-1,1,1,1,1,0,1,1,1,-1,1,1,1,1,1,1,1,-1,1,1,1,1,1,1,1,1,1,1,1,1,1,1,1,1,1,1,1,1,1,1,0,-1,1,1,1,1,1,1,1,1,1,1,0,1,1,1,-1,1
4033,0,-1,1,1,1,1,1,-1,1,-1,1,1,1,1,1,1,-1,1,1,1,1,1,1,1,1,1,-1,1,1,1,1,1,1,1,1,1,1,0,-1,1,1,1,1,1,1,1,1,1,1,-1,1,1,1,1,1,1,1,1,1,1,1,1,1,-1,1,1,1,1,1,1,1,1,1,1,0,-1,1,1,1,1,1,-1,1,1,1,1,1,1,1,1,1,1,1,1,1,1,1,1,1,1
2929,0,-1,1,1,1,1,1,1,1,1,1,1,1,1,1,1,-1,1,1,1,1,1,1,1,-1,-1,1,1,1,0,1,1,1,1,1,1,-1,1,1,1,1,1,1,1,1,1,1,1,1,1,1,1,-1,1,-1,1,1,1,0,1,1,1,1,1,1,1,1,1,1,1,1,1,1,1,1,1,1,1,-1,1,1,-1,1,1,1,1,1,0,-1,1,1,1,1,1,1,1,1,1,1,1
2257,0,-1,1,1,1,1,1,1,1,-1,1,1,-1,1,1,1,-1,1,1,1,1,1,1,1,1,1,1,1,1,1,1,1,1,1,-1,1,1,0,1,1,1,1,1,1,1,1,1,-1,1,1,1,1,1,1,1,1,1,1,1,1,1,0,1,1,1,1,1,1,1,1,-1,1,1,1,0,1,1,1,1,1,1,-1,1,-1,1,1,-1,1,1,1,1,1,1,1,1,1,1,1,1,1
7031,0,-1,-1,1,-1,1,1,1,-1,1,1,1,1,1,1,1,-1,1,1,1,1,1,1,1,1,1,1,1,1,1,1,1,-1,1,1,1,1,1,1,1,1,1,1,1,1,-1,1,1,1,1,1,1,1,1,1,1,1,1,1,1,1,1,1,1,-1,1,1,-1,1,1,1,1,1,1,1,1,1,1,1,0,1,1,1,1,1,1,1,1,1,0,-1,1,1,1,1,1,1,-1,1,1
11663,0,-1,1,-1,1,1,1,1,1,-1,1,1,1,1,1,1,-1,1,1,1,1,1,1,1,1,-1,1,-1,1,1,1,1,1,1,1,-1,1,1,1,1,1,1,1,1,1,1,1,1,-1,-1,1,1,1,1,1,1,1,1,1,1,1,1,1,1,1,1,1,1,1,1,1,1,1,1,1,-1,1,1,1,1,1,-1,1,1,1,1,1,1,1,-1,1,1,1,1,1,1,1,1,1,1
10807,0,-1,1,1,1,1,1,1,1,1,1,1,1,1,1,1,-1,1,1,-1,1,1,1,1,1,-1,1,1,1,1,1,1,1,1,1,1,-1,-1,1,1,1,1,1,1,1,1,1,1,1,1,1,1,-1,1,1,1,-1,1,1,1,1,1,1,1,1,1,1,1,1,1,1,1,1,1,1,1,1,1,1,-1,1,-1,1,1,1,1,1,-1,1,1,1,1,-1,1,1,1,1,1,1,1
6283,0,-1,1,1,1,1,1,1,1,-1,1,1,1,-1,1,-1,-1,1,1,1,1,1,1,1,1,-1,1,1,1,1,1,1,1,1,-1,1,1,1,1,1,1,1,1,1,1,1,1,1,1,1,1,1,1,1,1,1,-1,1,-1,1,1,0,1,1,1,1,1,1,1,1,1,1,1,1,1,1,-1,1,1,1,1,-1,1,-1,1,1,1,1,1,1,1,1,1,1,1,1,1,1,1,1
3103,0,-1,1,1,1,1,1,1,1,1,1,1,1,1,1,1,-1,1,1,1,1,1,1,-1,1,-1,1,1,1,0,-1,1,1,1,1,1,-1,1,1,1,1,1,1,1,1,1,1,1,1,-1,1,1,-1,-1,1,1,1,1,0,1,1,1,1,1,1,1,1,1,1,1,1,1,1,1,1,1,1,1,1,1,1,-1,1,-1,1,1,1,0,1,1,1,1,1,1,1,1,1,1,1,1
2047,0,-1,-1,1,-1,1,1,1,-1,1,1,1,1,1,1,1,-1,1,1,1,1,1,1,0,1,1,1,1,1,1,1,1,-1,1,1,1,1,1,1,-1,1,1,1,1,1,1,0,1,1,1,1,1,1,1,1,1,1,1,1,1,1,1,1,1,-1,1,1,1,1,0,1,1,1,1,1,1,1,1,-1,1,1,1,1,1,1,1,1,1,1,0,1,1,0,-1,1,1,1,1,1,1
10403,0,-1,1,1,1,1,1,1,1,1,1,1,1,1,1,1,-1,1,1,-1,1,1,1,1,1,-1,1,1,1,1,1,1,1,1,1,1,-1,1,1,1,1,1,1,1,1,1,1,1,1,1,1,1,-1,1,1,1,-1,1,-1,1,1,1,1,1,1,1,1,1,-1,1,1,1,1,1,1,1,1,1,1,-1,1,-1,1,1,1,1,1,1,1,1,1,1,-1,1,1,1,1,-1,1,1
3127,0,-1,1,1,1,1,1,1,1,1,1,1,1,1,1,-1,-1,1,1,1,1,1,1,1,1,1,1,1,-1,1,1,1,1,1,1,1,-1,1,1,1,1,1,1,1,1,1,-1,1,1,-1,1,1,1,0,1,1,1,1,1,0,1,1,1,-1,1,1,-1,1,-1,1,1,1,1,1,1,1,1,1,1,1,1,-1,1,1,1,1,1,1,1,1,1,1,1,1,1,-1,1,1,1,1
3763,0,-1,1,1,1,1,1,1,1,1,-1,1,1,1,1,-1,-1,1,1,1,1,1,1,1,-1,1,1,1,1,1,1,1,1,1,1,1,-1,1,1,1,1,1,1,1,1,1,1,1,1,-1,1,1,1,0,-1,1,1,1,1,1,1,1,1,1,1,1,1,1,1,1,1,0,1,1,1,1,1,-1,1,1,1,-1,1,1,1,1,1,1,1,-1,1,1,1,1,1,-1,1,1,1,1
11227,0,-1,1,1,1,1,1,-1,1,-1,1,1,1,1,1,-1,-1,1,1,1,1,1,1,1,1,-1,-1,1,1,1,1,1,1,1,1,1,1,1,-1,1,1,1,1,1,1,1,1,1,1,-1,1,1,1,1,1,1,1,1,1,1,1,1,1,-1,1,1,-1,1,1,1,1,1,1,1,1,1,1,1,1,1,1,-1,1,1,1,1,1,1,1,1,1,1,1,1,1,1,1,-1,1,1
1891,0,-1,1,1,1,1,1,1,1,-1,1,1,1,1,1,1,-1,1,1,1,-1,1,1,1,1,-1,1,1,1,1,1,0,1,1,1,1,1,1,1,1,1,1,1,1,1,1,1,-1,1,1,1,1,1,1,1,1,-1,1,1,1,1,0,0,1,1,1,1,1,1,1,-1,1,1,1,1,1,-1,1,1,1,1,-1,1,1,1,1,1,1,1,1,1,1,1,0,1,-1,1,1,1,1
2627,0,-1,1,1,1,1,1,1,1,-1,-1,1,-1,1,1,1,-1,1,1,1,1,1,1,1,1,1,1,1,1,1,1,1,1,1,1,1,1,0,-1,1,1,1,1,1,1,1,1,1,1,-1,1,1,1,1,1,1,1,1,1,1,1,1,1,1,1,1,1,1,1,1,1,0,1,1,0,-1,1,1,1,1,1,-1,1,-1,1,1,-1,1,1,1,-1,1,1,1,1,1,1,1,1,1
8383,0,-1,1,1,1,1,1,1,1,1,1,1,1,1,1,1,-1,1,1,1,1,1,1,1,1,-1,1,1,1,1,1,-1,1,1,1,1,-1,-1,1,1,1,1,1,1,1,1,1,1,1,1,1,1,1,1,1,1,1,1,1,1,1,1,1,1,1,1,1,1,-1,1,1,1,1,1,1,1,1,1,-1,1,1,-1,1,0,-1,1,1,-1,1,1,1,1,-1,1,1,-1,1,1,1,1
2867,0,-1,1,1,1,1,1,1,1,-1,1,1,-1,1,1,1,-1,1,1,1,1,1,1,1,1,-1,1,1,1,1,1,1,1,1,-1,1,1,1,1,1,1,1,-1,1,1,1,1,0,1,1,1,1,1,1,1,1,-1,1,1,1,1,0,1,1,1,1,1,1,1,1,1,1,1,1,-1,1,1,1,1,1,1,-1,1,-1,1,1,1,1,1,1,1,1,1,1,0,-1,1,1,1,1
1679,0,-1,-1,1,-1,1,1,1,-1,1,1,1,1,1,1,1,-1,1,1,1,1,1,1,0,1,1,1,1,1,1,1,1,-1,1,1,1,1,1,1,1,1,1,1,1,1,1,0,1,1,1,1,1,1,1,1,-1,1,1,1,1,1,1,1,1,-1,1,1,1,1,0,1,1,1,0,1,-1,1,-1,1,1,1,-1,1,1,1,1,1,1,1,1,1,1,0,1,1,1,1,1,1,1
5459,0,-1,1,1,1,1,1,1,1,1,1,1,1,-1,1,-1,-1,1,1,1,1,1,1,1,1,1,1,1,-1,1,1,1,1,1,1,1,-1,1,1,1,1,1,1,1,1,1,-1,1,1,-1,1,1,1,0,1,1,1,1,1,1,1,1,1,-1,1,1,-1,1,-1,1,1,1,1,1,1,1,1,1,1,1,1,-1,1,1,1,1,1,1,1,1,1,1,1,1,1,1,1,-1,1,1
5671,0,-1,1,1,1,1,1,1,1,1,-1,1,1,-1,1,1,-1,1,1,1,1,1,1,1,1,1,1,1,1,1,1,1,1,1,1,1,-1,1,1,1,1,1,-1,1,-1,1,1,-1,1,-1,1,1,1,0,1,1,1,1,1,1,1,1,1,1,1,1,1,1,1,-1,1,1,1,1,1,1,1,1,1,1,1,-1,1,1,1,1,1,1,1,-1,1,1,1,1,1,1,1,1,1,-1
7303,0,-1,1,1,1,1,1,1,1,-1,1,1,1,1,1,-1,-1,1,1,1,1,-1,-1,1,1,-1,-1,1,1,1,1,1,1,1,1,-1,1,1,1,1,1,1,1,1,1,1,1,1,1,-1,1,1,1,1,1,1,1,1,1,1,1,1,1,1,1,1,1,0,1,1,1,1,1,-1,1,1,1,1,1,1,1,-1,1,1,1,1,1,1,1,-1,1,1,1,1,1,1,1,1,1,1
1417,0,-1,1,-1,1,1,1,1,1,-1,1,1,1,0,1,1,-1,1,1,1,1,1,-1,1,1,1,0,-1,1,1,1,1,1,1,1,-1,1,1,1,0,1,1,1,1,1,1,1,1,-1,1,1,1,0,1,1,1,1,1,1,1,1,1,1,1,1,0,-1,1,1,1,1,1,1,1,1,1,1,1,0,1,1,-1,1,1,1,1,1,1,1,1,1,0,1,1,1,1,1,1,1,1
1219,0,-1,1,1,1,1,1,1,1,1,1,1,1,-1,1,1,-1,1,1,1,1,1,1,0,-1,1,1,1,1,1,1,1,1,1,1,1,-1,1,1,1,1,1,1,1,1,1,0,-1,1,-1,1,1,1,0,-1,1,1,1,1,1,1,1,1,1,1,1,1,1,1,0,1,1,1,1,1,1,1,-1,1,1,1,-1,1,1,1,1,1,1,1,1,1,1,0,1,1,-1,1,1,1,1
851,0,-1,1,1,1,1,1,1,1,-1,1,1,-1,1,1,1,-1,1,1,1,1,1,1,0,1,1,-1,1,1,1,1,1,1,1,1,1,1,0,1,1,1,1,1,1,1,1,0,-1,1,-1,1,1,1,1,1,1,1,1,1,1,1,1,1,1,1,1,1,1,1,0,-1,-1,1,1,0,-1,1,1,1,1,1,-1,1,1,1,1,1,1,1,1,1,1,0,1,1,1,1,1,1,1
3811,0,-1,1,1,1,1,1,-1,1,-1,1,1,1,1,1,1,-1,1,1,1,1,1,1,1,1,1,-1,1,1,1,1,1,1,-1,-1,1,1,0,-1,1,1,1,1,1,1,1,-1,1,1,-1,1,1,1,1,1,1,1,1,1,1,1,1,1,-1,1,1,1,1,1,1,1,1,1,1,0,1,1,1,1,1,1,-1,1,-1,1,1,1,1,1,1,1,1,1,1,1,1,1,1,1,1
4687,0,-1,1,1,1,1,1,1,1,-1,1,1,1,1,1,-1,-1,1,1,1,1,-1,1,1,1,-1,1,1,1,1,1,1,1,1,1,-1,1,1,-1,1,1,1,1,0,1,1,1,1,1,-1,1,1,1,1,1,1,1,1,1,1,1,1,1,1,1,1,-1,1,1,1,1,1,1,1,1,1,1,1,-1,1,1,-1,1,1,1,1,0,1,1,1,1,1,1,1,1,1,1,-1,1,1
3551,0,-1,1,1,1,1,1,1,1,1,-1,1,1,1,1,-1,-1,1,1,1,1,1,1,1,-1,1,1,1,1,1,1,1,1,1,1,1,-1,1,1,1,1,1,1,1,1,1,1,-1,1,-1,1,1,1,0,-1,1,1,1,1,1,1,1,1,1,1,1,1,0,-1,1,1,1,1,1,1,1,1,-1,1,1,1,-1,1,1,1,1,1,1,1,-1,1,1,1,1,1,1,1,1,1,1
1027,0,-1,1,1,1,1,1,1,1,-1,1,1,1,0,1,1,-1,1,1,1,1,1,-1,1,1,1,0,1,1,1,1,1,1,1,1,1,1,1,1,0,-1,1,-1,1,1,1,1,1,1,1,1,1,0,1,1,-1,1,1,1,1,1,1,1,1,1,0,1,1,1,1,1,1,1,1,1,1,1,1,0,0,1,-1,1,1,1,1,1,-1,1,1,1,0,-1,1,1,1,1,1,1,1
5183,0,-1,-1,1,-1,1,1,1,-1,1,1,1,1,1,1,1,-1,1,1,1,1,1,1,1,1,1,1,1,1,1,1,1,-1,1,1,1,1,-1,1,1,1,1,1,1,1,1,1,1,1,1,1,1,1,1,1,1,1,1,1,1,1,1,1,1,-1,1,1,1,1,1,1,0,1,0,-1,-1,1,-1,1,1,1,-1,1,1,1,1,1,1,1,-1,1,1,1,1,1,1,1,1,1,1
2987,0,-1,1,1,1,1,1,-1,1,1,1,1,1,1,1,1,-1,1,1,1,1,1,1,-1,1,-1,1,1,1,0,-1,1,1,1,1,1,-1,1,1,1,1,1,1,1,1,1,1,1,1,-1,1,1,-1,1,1,1,1,1,0,-1,1,1,1,1,1,1,1,1,1,1,1,1,1,1,1,1,1,1,1,1,1,-1,-1,-1,1,1,1,0,1,1,1,1,1,1,1,1,1,1,1,1
2923,0,-1,1,1,1,1,1,1,1,-1,-1,1,1,1,1,1,-1,1,1,1,1,1,1,1,1,1,-1,1,1,1,1,1,1,1,1,1,1,0,-1,1,1,1,1,1,-1,1,-1,1,1,-1,1,1,1,1,1,1,1,1,1,1,1,1,1,1,1,1,1,1,1,1,1,1,1,1,0,1,1,1,1,0,1,-1,1,-1,-1,1,1,1,1,1,-1,1,1,1,1,1,1,1,1,1
703,0,-1,1,1,1,1,1,-1,1,-1,1,1,1,1,1,1,-1,1,1,0,1,1,1,1,1,1,-1,1,1,1,1,1,1,1,1,1,1,0,0,1,1,1,1,1,-1,1,1,-1,1,-1,1,1,1,1,1,1,1,0,1,1,1,1,1,-1,1,1,1,1,1,1,1,1,1,1,0,1,0,1,1,1,1,-1,1,-1,1,1,1,1,1,1,1,1,1,1,1,0,1,1,1,1
3431,0,-1,-1,1,-1,1,1,1,-1,1,1,1,1,1,1,1,-1,1,1,1,1,1,1,1,1,1,1,1,1,1,1,1,-1,1,1,1,1,-1,1,1,1,1,1,1,1,1,1,0,1,1,1,1,1,1,1,-1,1,1,1,1,1,1,1,1,-1,1,1,1,1,1,1,1,1,0,-1,-1,1,1,1,1,1,-1,1,1,1,1,1,1,1,-1,1,1,1,1,0,1,1,1,1,1
2059,0,-1,1,1,1,1,1,1,1,1,1,1,1,1,1,1,-1,1,1,1,-1,1,1,1,-1,-1,1,1,1,0,-1,1,1,1,1,1,-1,1,1,1,1,1,1,1,1,-1,1,1,1,-1,1,1,1,1,-1,1,1,1,0,1,1,1,1,1,1,1,1,1,1,1,1,0,1,1,-1,1,1,1,1,1,1,-1,1,-1,1,1,1,0,1,1,1,1,1,1,1,1,1,1,1,1
4399,0,-1,1,1,1,1,1,1,1,1,-1,1,1,1,1,1,-1,1,1,1,1,1,1,1,1,1,1,1,-1,1,1,1,1,1,1,1,-1,1,1,1,1,1,1,1,-1,1,1,1,1,-1,1,1,1,0,1,1,1,1,1,1,1,1,1,-1,1,1,1,1,-1,-1,1,1,1,1,1,1,1,-1,1,1,1,-1,1,0,1,1,1,1,1,1,1,1,1,1,1,-1,1,1,1,-1
1643,0,-1,1,1,1,1,1,1,1,1,-1,1,1,1,1,1,-1,1,1,1,1,1,1,1,1,1,1,1,-1,1,1,0,1,1,1,1,-1,1,1,1,1,1,1,1,1,1,1,-1,1,-1,1,1,1,0,1,1,1,1,1,1,1,1,0,-1,1,1,-1,1,1,-1,1,1,1,1,1,1,1,1,1,1,1,-1,1,1,1,1,1,1,1,1,1,1,1,0,1,-1,1,-1,1,1
2291,0,-1,1,1,1,1,1,1,1,1,1,1,1,1,1,1,-1,1,1,1,-1,1,1,-1,1,-1,1,1,1,0,1,1,1,1,1,1,-1,1,1,1,1,1,1,1,1,-1,1,1,1,-1,1,1,-1,1,1,1,1,1,0,1,1,1,1,1,1,-1,1,1,1,1,1,1,1,1,1,1,1,1,1,0,1,-1,1,-1,1,1,1,0,-1,1,1,1,1,1,1,1,1,1,1,1
4187,0,-1,1,1,1,1,1,1,1,1,-1,1,1,-1,1,1,-1,1,1,1,1,1,1,1,1,1,1,1,1,1,1,1,1,1,1,1,-1,1,1,1,1,1,-1,1,-1,1,-1,1,1,-1,1,1,1,0,1,1,1,1,1,1,1,1,1,1,1,1,1,1,1,1,1,1,1,1,1,1,1,1,1,0,1,-1,1,1,1,1,1,1,1,-1,1,1,1,1,1,-1,1,-1,1,-1
2759,0,-1,-1,1,-1,1,1,1,-1,1,1,1,1,1,1,1,-1,1,1,1,1,1,1,1,1,1,1,1,1,1,1,0,-1,1,1,1,1,1,1,-1,1,1,1,1,1,-1,1,1,1,1,1,1,1,1,1,1,1,1,1,1,1,1,0,1,-1,1,1,-1,1,1,1,1,1,1,1,1,1,1,-1,1,1,1,1,1,1,1,1,1,1,0,-1,1,1,0,1,1,1,-1,1,1
4819,0,-1,1,1,1,1,1,1,1,-1,1,1,1,-1,1,1,-1,1,1,1,-1,1,-1,1,1,-1,1,1,1,1,1,1,1,1,1,1,1,1,1,1,1,1,-1,1,1,1,1,1,1,1,1,1,1,1,1,1,1,1,1,1,1,0,-1,1,1,1,1,1,1,1,1,1,1,-1,1,1,-1,1,1,0,1,-1,1,-1,1,1,1,1,1,1,1,1,1,1,1,-1,1,1,1,1
1591,0,-1,1,1,1,1,1,1,1,-1,-1,1,1,1,1,1,-1,1,1,1,1,1,1,1,1,1,1,1,1,1,1,1,1,1,1,1,1,0,-1,1,1,1,1,0,-1,1,1,-1,1,-1,1,1,1,-1,1,1,1,1,1,1,1,1,1,1,1,1,1,1,1,1,1,1,1,1,0,1,1,1,1,1,1,-1,1,-1,-1,1,0,1,1,1,-1,1,1,1,1,1,1,1,1,1
2407,0,-1,1,1,1,1,1,-1,1,1,1,1,1,1,1,1,-1,1,1,1,1,1,1,-1,1,-1,1,1,1,0,-1,1,1,1,1,1,-1,1,1,1,1,1,1,1,1,1,1,1,1,-1,1,1,1,1,1,1,1,1,0,-1,1,1,1,1,1,-1,1,1,1,1,1,1,1,1,1,1,1,1,-1,1,1,-1,1,0,1,1,1,0,1,1,1,1,1,1,-1,1,1,1,1,1
403,0,-1,1,1,1,1,1,1,1,-1,1,1,1,0,-1,1,-1,1,1,1,1,1,1,1,1,1,0,1,1,1,1,0,1,1,1,-1,1,1,1,0,-1,1,1,1,1,1,1,1,1,1,1,1,0,1,1,1,1,1,1,1,1,1,0,1,1,0,-1,1,1,1,1,1,1,1,1,1,1,1,0,1,1,-1,1,1,1,1,1,-1,1,1,1,0,1,0,-1,1,1,1,1,1
2491,0,-1,1,1,1,1,1,1,1,1,1,1,1,1,1,1,-1,1,1,1,1,1,1,1,-1,1,1,1,-1,1,1,1,1,1,1,1,-1,1,1,1,1,1,-1,1,1,1,1,0,1,-1,1,1,1,0,-1,1,1,1,1,1,1,1,1,-1,1,1,1,1,-1,1,1,1,1,1,1,1,1,1,1,1,1,-1,1,1,1,1,1,1,1,-1,1,1,1,1,0,-1,1,-1,1,1
1919,0,-1,1,1,1,-1,1,1,1,1,1,1,1,1,1,1,-1,1,1,0,1,1,1,1,-1,-1,1,1,1,1,1,1,1,1,1,1,-1,1,0,1,1,1,1,1,1,1,1,1,1,1,1,1,1,1,-1,1,1,0,-1,1,1,1,1,1,1,1,1,1,-1,1,1,1,1,1,1,1,0,1,1,1,-1,-1,1,1,1,1,1,-1,1,1,1,1,-1,1,1,0,1,1,1,1
3131,0,-1,1,1,1,-1,1,1,1,1,1,1,1,1,1,1,-1,1,1,-1,1,1,1,1,1,-1,1,1,1,1,1,0,1,1,1,1,-1,1,1,1,1,1,1,1,1,1,1,1,1,1,1,1,1,1,1,1,-1,1,1,1,1,1,0,1,1,1,1,1,1,1,1,-1,1,1,1,1,1,1,-1,1,-1,-1,1,1,1,1,1,-1,1,1,1,1,1,0,1,-1,1,-1,1,1
6767,0,-1,1,1,1,1,1,1,1,1,1,1,1,1,1,1,-1,1,1,-1,1,1,1,1,-1,-1,1,1,1,1,1,1,1,1,1,1,-1,-1,1,1,1,1,1,1,1,1,1,1,1,1,1,1,1,1,-1,1,-1,1,1,1,1,1,1,1,1,1,1,0,-1,1,1,-1,1,1,1,1,1,1,1,1,1,-1,1,1,-1,1,1,1,-1,1,1,1,-1,1,1,1,1,1,1,1
7171,0,-1,1,1,1,-1,1,1,1,1,1,1,1,1,1,1,-1,1,1,-1,1,1,1,1,-1,-1,1,1,1,1,1,1,1,1,1,1,-1,-1,1,1,1,1,1,1,1,1,1,1,1,1,1,1,1,1,-1,1,1,1,-1,1,1,1,1,1,1,1,1,1,1,1,1,0,1,1,1,1,1,1,1,-1,-1,-1,1,1,1,1,1,-1,1,1,1,1,1,1,1,-1,1,1,1,1
2623,0,-1,1,1,1,1,1,1,1,-1,1,1,1,-1,1,-1,-1,1,1,1,1,1,1,1,1,-1,1,1,1,1,1,1,1,1,1,1,1,1,1,1,1,1,1,0,1,1,1,-1,1,1,1,1,1,1,1,1,-1,-1,-1,1,1,0,1,1,1,1,1,1,1,1,1,1,1,1,-1,1,1,1,1,1,1,-1,1,-1,1,1,0,1,1,1,1,1,1,1,1,-1,1,1,1,1
1339,0,-1,1,1,1,1,1,1,1,-1,1,1,1,0,-1,1,-1,1,1,1,1,1,1,1,1,1,0,1,1,-1,1,1,1,1,1,1,1,1,1,0,1,1,1,1,1,1,1,1,1,1,1,1,0,1,1,-1,1,1,1,1,1,-1,1,1,1,0,-1,1,-1,1,1,1,1,1,1,1,1,1,0,-1,1,-1,1,1,1,1,1,1,1,1,1,0,-1,1,1,1,1,1,1,1
2479,0,-1,1,1,1,1,1,1,1,-1,-1,1,1,1,1,1,-1,1,1,1,1,1,1,1,1,1,-1,1,1,1,1,1,1,-1,1,1,1,0,1,1,1,1,1,1,1,1,1,-1,1,-1,1,1,1,1,1,1,1,1,1,1,1,1,1,1,1,1,1,0,1,1,1,-1,1,1,0,1,1,1,1,1,1,-1,1,-1,-1,1,-1,1,1,1,-1,1,1,1,1,1,1,1,1,1
5123,0,-1,1,-1,1,1,1,-1,1,-1,1,1,1,1,1,1,-1,1,1,1,1,-1,1,1,1,-1,1,-1,1,1,1,1,1,1,1,1,1,1,1,1,1,1,1,1,1,1,1,0,-1,-1,1,1,1,1,1,1,1,1,1,1,1,1,1,-1,1,1,1,1,1,1,1,1,1,1,1,-1,1,1,1,1,1,-1,1,1,1,1,1,1,1,-1,1,1,1,1,0,1,1,-1,1,1
2507,0,-1,1,-1,1,1,1,1,1,-1,1,1,1,1,1,1,-1,1,1,1,1,1,1,0,1,-1,-1,-1,1,1,1,1,1,1,1,-1,1,1,1,1,1,1,1,1,1,1,0,1,-1,-1,1,1,1,1,1,1,1,1,1,1,1,1,1,1,1,1,1,1,1,0,1,1,1,-1,1,-1,1,1,-1,1,1,-1,1,1,1,1,1,1,1,1,1,1,0,1,1,1,1,1,1,1
1739,0,-1,1,1,1,1,1,-1,1,-1,1,1,-1,1,1,1,-1,1,1,1,1,1,1,1,1,1,1,1,1,1,1,1,1,1,-1,1,1,0,1,1,1,1,1,1,1,1,1,0,1,-1,1,1,1,-1,1,1,1,1,1,1,1,1,1,-1,1,1,1,1,1,1,1,-1,1,1,0,-1,1,1,1,1,1,-1,1,-1,-1,1,1,1,1,1,1,1,1,1,0,1,1,1,1,1
4747,0,-1,1,1,1,1,1,1,1,1,1,1,1,1,1,1,-1,1,1,1,1,1,1,1,-1,-1,1,1,1,1,1,1,1,1,1,1,-1,-1,1,1,1,1,1,1,1,1,1,0,1,1,1,1,1,1,-1,1,-1,1,1,1,1,1,1,1,1,1,1,1,-1,1,1,-1,1,1,1,1,1,1,1,-1,1,-1,1,1,-1,1,1,1,1,1,1,1,1,1,0,-1,1,-1,1,1
3599,0,-1,1,1,1,1,1,1,1,-1,1,1,-1,1,1,-1,-1,1,1,1,-1,1,-1,1,1,-1,1,1,1,1,1,1,1,1,1,1,1,1,1,1,1,1,1,1,1,1,1,1,1,1,1,1,1,1,1,1,1,-1,1,0,1,0,-1,1,1,1,1,1,1,1,1,1,1,1,-1,1,-1,1,1,1,1,-1,1,1,1,1,-1,1,1,1,1,1,1,1,1,-1,1,1,1,1
2323,0,-1,1,1,1,1,1,1,1,1,1,1,1,1,1,1,-1,1,1,1,1,1,1,0,-1,-1,1,1,1,1,1,-1,1,1,1,1,-1,1,1,1,1,1,1,1,1,1,0,1,1,1,1,1,-1,1,-1,1,1,1,-1,1,1,1,1,1,1,1,1,1,1,0,1,-1,1,1,1,1,1,1,-1,1,1,-1,1,1,1,1,1,-1,1,1,1,1,0,1,1,-1,1,1,1,1
1711,0,-1,1,1,1,1,1,-1,1,1,1,1,1,1,1,1,-1,1,1,1,-1,1,1,1,1,-1,1,1,1,0,1,1,1,1,1,1,-1,1,1,1,1,1,1,1,1,-1,1,1,1,-1,1,1,1,-1,1,1,1,1,0,0,1,1,1,1,1,1,1,1,1,1,1,1,1,1,-1,1,1,1,-1,1,1,-1,1,1,1,1,1,0,-1,1,1,1,1,1,-1,1,1,1,1,1
899,0,-1,1,1,1,1,1,-1,1,1,1,1,1,1,1,1,-1,1,1,1,-1,1,1,1,1,-1,1,1,1,0,1,0,1,1,1,1,-1,1,1,1,1,1,1,1,1,-1,1,1,1,-1,1,1,1,1,1,1,1,1,0,-1,1,1,0,1,1,1,1,1,1,1,1,1,1,1,1,1,1,1,-1,1,1,-1,-1,1,1,1,1,0,1,1,1,1,1,0,-1,1,1,1,1,1
4087,0,-1,1,1,1,1,1,1,1,-1,1,1,1,1,1,-1,-1,1,1,1,1,1,-1,1,1,-1,1,1,1,1,1,1,1,1,1,1,1,1,1,1,1,1,1,1,1,1,1,-1,1,1,1,1,1,1,1,1,-1,1,1,1,1,0,-1,1,1,1,1,0,1,1,1,1,1,-1,1,1,-1,-1,1,1,1,-1,1,-1,1,1,-1,1,1,1,1,1,1,1,1,1,1,1,1,1
923,0,-1,1,-1,1,1,1,1,1,-1,1,1,1,0,1,1,-1,1,1,1,1,1,1,1,1,1,0,-1,1,-1,1,1,1,1,1,1,1,1,1,0,-1,1,1,1,1,1,1,1,-1,1,1,1,0,1,1,1,1,1,1,1,1,1,1,1,1,0,1,1,1,1,1,0,1,1,-1,1,1,1,0,-1,1,-1,1,1,1,1,1,-1,1,1,1,0,1,1,1,1,1,1,1,1
1943,0,-1,1,1,1,1,1,1,1,1,1,1,1,1,1,1,-1,1,1,1,1,1,1,-1,-1,-1,1,1,1,0,1,1,1,1,1,1,-1,1,1,1,1,1,1,1,1,1,1,1,1,-1,1,1,1,1,-1,1,1,1,0,-1,1,1,1,1,1,-1,1,0,1,1,1,1,1,1,1,1,1,1,1,1,1,-1,-1,-1,1,1,1,0,-1,1,1,1,1,1,1,1,1,1,1,1
871,0,-1,1,1,1,1,1,1,1,-1,1,1,1,0,-1,1,-1,1,1,1,1,1,-1,1,1,1,0,1,1,-1,1,1,1,1,1,-1,1,1,1,0,-1,1,1,1,1,1,1,1,1,1,1,1,0,1,1,-1,1,1,1,1,1,1,1,1,1,0,1,0,-1,1,1,1,1,1,1,1,1,1,0,1,1,-1,1,1,1,1,1,1,1,1,1,0,-1,1,1,1,1,1,1,1
2183,0,-1,1,1,1,1,1,-1,1,-1,1,1,-1,1,1,1,-1,1,1,1,1,1,1,1,1,1,-1,1,1,1,1,1,1,1,1,1,1,0,1,1,1,1,1,1,1,1,-1,1,1,-1,1,1,1,-1,1,1,1,1,1,0,1,1,1,-1,1,1,1,1,1,1,1,-1,1,1,0,-1,1,1,1,1,1,-1,1,1,-1,1,-1,1,1,1,1,1,1,1,1,1,1,1,1,1
667,0,-1,1,1,1,1,1,1,1,1,1,1,1,1,1,1,-1,1,1,1,1,1,1,0,-1,-1,1,1,1,0,1,1,1,1,1,1,-1,1,1,1,1,1,1,1,1,1,0,1,1,-1,1,1,-1,1,-1,1,1,1,0,-1,1,1,1,1,1,1,1,1,1,0,1,1,1,1,1,1,1,1,-1,1,1,-1,-1,1,1,1,1,0,1,1,1,1,0,1,-1,1,1,1,1,1
7979,0,-1,1,1,1,-1,1,1,1,1,1,1,1,1,1,1,-1,1,1,-1,1,1,1,1,1,-1,1,1,1,1,1,-1,1,1,1,1,-1,1,1,1,1,1,1,1,1,1,1,1,1,1,1,1,-1,1,1,1,1,1,1,1,1,1,1,1,1,1,1,1,1,1,1,1,1,1,1,1,1,1,1,0,-1,-1,1,1,-1,1,1,-1,-1,1,1,1,-1,1,1,-1,1,-1,1,1
1147,0,-1,1,1,1,1,1,-1,1,-1,-1,1,1,1,1,1,-1,1,1,1,1,1,1,1,1,1,1,1,1,1,1,0,1,-1,1,1,1,0,-1,1,1,1,1,1,1,1,1,-1,1,-1,1,1,1,1,1,1,1,1,1,1,1,1,0,-1,1,1,1,1,1,1,-1,-1,1,1,0,1,1,1,1,1,1,-1,1,1,1,1,1,1,1,1,-1,1,1,0,1,1,1,1,1,1
6527,0,-1,1,1,1,1,1,1,1,-1,1,1,-1,-1,1,1,-1,1,1,1,1,1,1,1,1,-1,1,1,1,1,1,1,1,1,-1,1,1,1,1,1,1,1,-1,1,1,1,1,-1,1,1,1,1,1,1,1,1,-1,-1,1,1,1,0,-1,1,1,1,1,1,1,1,1,1,1,1,1,1,-1,1,1,1,1,-1,1,-1,1,1,-1,1,1,1,1,1,1,1,1,1,1,1,1,1
1403,0,-1,1,1,1,1,1,1,1,-1,1,1,-1,-1,1,1,-1,1,1,1,1,1,1,0,1,-1,1,1,1,1,1,1,1,1,1,1,1,1,1,1,1,1,1,1,1,1,0,-1,1,1,1,1,1,1,1,1,1,1,-1,1,1,0,-1,1,1,1,1,1,1,0,-1,1,1,-1,1,1,1,-1,1,1,1,-1,1,1,1,1,1,1,1,1,1,1,0,1,1,-1,1,1,1,1
5959,0,-1,1,1,1,-1,1,1,1,1,1,1,1,1,1,1,-1,1,1,-1,1,1,1,1,1,-1,1,1,1,1,1,1,1,1,1,1,-1,1,1,1,1,1,1,1,1,1,1,1,1,1,1,1,1,1,1,1,1,1,1,0,1,1,1,1,1,1,1,1,-1,1,1,-1,1,1,1,1,1,1,-1,-1,-1,-1,1,1,-1,1,1,-1,-1,1,1,1,1,1,1,-1,1,1,1,1
8611,0,-1,1,1,1,-1,1,1,1,-1,1,1,1,1,1,1,-1,1,1,1,1,-1,-1,1,1,-1,-1,1,1,1,1,1,1,1,1,1,1,1,-1,1,1,1,1,1,1,-1,1,1,1,-1,1,1,1,1,1,1,1,1,1,1,1,1,1,1,1,1,1,1,1,1,1,1,1,-1,1,1,1,1,1,0,-1,-1,1,1,1,1,1,1,1,-1,1,1,1,1,1,1,1,-1,1,1
1363,0,-1,1,1,1,1,1,-1,1,1,1,1,1,1,1,1,-1,1,1,1,1,1,1,1,-1,-1,1,1,1,0,1,1,1,1,1,1,-1,1,1,1,1,1,1,1,1,1,1,0,1,-1,1,1,1,-1,-1,1,1,1,0,-1,1,1,1,1,1,-1,1,1,1,1,1,1,1,1,-1,1,1,1,1,1,1,-1,1,-1,1,1,1,0,1,1,1,1,1,1,0,1,1,1,1,1
9047,0,-1,1,-1,1,1,1,-1,1,-1,1,1,1,1,1,1,-1,1,1,1,1,-1,1,1,1,-1,-1,-1,1,1,1,1,1,1,1,1,1,1,-1,1,1,1,1,1,1,1,1,1,-1,-1,1,1,1,1,1,1,1,1,1,1,1,1,1,-1,1,1,1,1,1,1,1,1,1,1,1,-1,1,1,-1,1,1,-1,1,0,1,1,1,1,1,1,1,1,1,1,1,1,1,1,1,1
3959,0,-1,1,1,1,1,1,1,1,-1,-1,1,-1,1,1,1,-1,1,1,1,1,1,1,1,1,1,1,1,1,1,1,1,1,-1,-1,1,1,0,1,1,1,1,1,1,-1,1,1,-1,1,-1,1,1,1,-1,1,1,1,1,1,1,1,1,1,1,1,1,1,1,1,1,1,1,1,1,0,-1,1,1,1,1,1,-1,1,-1,1,1,-1,1,1,1,-1,1,1,1,1,1,1,1,1,1
1159,0,-1,1,1,1,1,1,1,1,-1,1,1,1,1,1,1,-1,1,1,0,-1,1,1,1,1,-1,1,1,1,1,1,1,1,1,1,1,1,1,0,1,1,1,-1,1,1,1,1,-1,1,1,1,1,1,1,1,1,1,0,-1,1,1,0,-1,1,1,1,1,1,1,1,1,1,1,-1,-1,1,0,-1,1,1,1,-1,1,-1,1,1,1,1,1,1,1,1,1,1,1,0,1,1,1,1
3379,0,-1,1,1,1,-1,1,-1,1,-1,1,1,1,1,1,1,-1,1,1,1,1,1,1,1,1,-1,1,1,1,1,1,0,1,1,1,-1,1,1,-1,1,1,1,1,1,1,-1,1,1,1,-1,1,1,1,1,1,1,1,1,1,1,1,1,0,-1,1,1,-1,1,1,1,1,1,1,1,1,1,1,1,-1,1,-1,-1,1,1,1,1,1,1,1,1,1,1,1,0,1,1,1,-1,1,1
7739,0,-1,1,-1,1,-1,1,1,1,-1,1,1,1,1,1,-1,-1,1,1,1,1,1,1,1,1,-1,1,-1,1,1,1,1,1,1,1,1,1,1,-1,1,1,1,1,1,1,-1,1,1,-1,-1,1,1,1,1,1,1,1,1,1,1,1,1,1,1,1,1,1,1,1,1,1,0,1,-1,1,-1,1,1,1,1,-1,-1,1,1,1,1,1,1,1,-1,1,1,1,1,1,1,1,1,1,1
1247,0,-1,1,1,1,1,1,1,1,1,1,1,1,1,1,1,-1,1,1,1,1,1,1,-1,-1,-1,1,1,1,0,1,1,1,1,1,1,-1,1,1,1,1,1,1,0,1,1,1,1,1,-1,1,1,-1,-1,-1,1,1,1,0,-1,1,1,1,1,1,1,1,1,1,1,1,1,1,1,-1,1,1,1,-1,1,1,-1,1,-1,1,1,0,0,1,1,1,1,1,1,1,1,1,1,1,1
2071,0,-1,1,1,1,-1,1,-1,1,-1,1,1,1,1,1,1,-1,1,1,0,1,1,1,1,1,-1,-1,1,1,1,1,1,1,1,1,-1,1,1,0,1,1,1,1,1,1,-1,1,1,1,-1,1,1,1,1,1,1,1,0,1,1,1,1,1,-1,1,1,-1,1,1,1,1,1,1,-1,1,1,0,1,1,1,-1,-1,1,1,1,1,1,1,1,1,1,1,1,1,1,0,1,1,1,1
299,0,-1,1,-1,1,1,1,1,1,-1,1,1,1,0,1,1,-1,1,1,1,1,1,1,0,1,1,0,-1,1,-1,1,1,1,1,1,-1,1,1,1,0,1,1,1,1,1,1,0,1,-1,1,1,1,0,1,1,-1,1,1,1,1,1,1,1,1,1,0,1,1,1,0,1,1,1,1,1,1,1,1,0,1,1,-1,1,1,1,1,1,-1,1,1,1,0,0,1,-1,1,1,1,1,1
4331,0,-1,1,1,1,1,1,1,1,-1,1,1,-1,1,1,-1,-1,1,1,1,-1,1,1,1,1,-1,1,1,1,1,1,1,1,1,1,1,1,1,1,1,1,1,1,1,1,1,1,1,1,1,1,1,1,1,1,1,1,-1,-1,1,1,0,1,1,1,1,1,1,1,1,1,0,1,-1,-1,1,-1,-1,1,1,1,-1,1,-1,1,1,-1,1,1,1,1,1,1,1,1,-1,1,1,1,1
1079,0,-1,1,-1,1,1,1,1,1,-1,1,1,1,0,1,1,-1,1,1,1,1,1,1,1,1,1,0,-1,1,-1,1,1,1,1,1,1,1,1,1,0,-1,1,1,1,1,1,1,1,-1,1,1,1,0,1,1,1,1,1,1,1,1,-1,1,1,1,0,1,1,-1,1,1,1,1,1,1,1,1,1,0,1,1,-1,1,0,1,1,1,-1,1,1,1,0,-1,1,-1,1,1,1,1,1
559,0,-1,1,1,1,1,1,1,1,-1,1,1,1,0,-1,1,-1,1,1,1,1,1,1,1,1,1,0,1,1,1,1,1,1,1,1,-1,1,1,1,0,-1,1,1,0,1,1,1,1,1,1,1,1,0,-1,1,1,1,1,1,1,1,1,1,1,1,0,-1,1,-1,1,1,1,1,1,-1,1,1,1,0,-1,1,-1,1,1,1,1,0,-1,1,1,1,0,-1,1,1,1,1,1,1,1
2279,0,-1,1,1,1,1,1,1,1,1,-1,1,1,-1,1,-1,-1,1,1,1,1,1,1,1,-1,1,1,1,1,1,1,1,1,1,1,1,-1,1,1,1,1,1,1,0,-1,1,1,-1,1,-1,1,1,1,0,-1,1,1,1,1,1,1,1,1,1,1,1,-1,1,-1,1,1,1,1,1,1,1,1,1,1,1,1,-1,1,1,1,1,0,1,1,1,1,1,1,1,1,-1,1,-1,1,-1
247,0,-1,1,1,1,1,1,1,1,-1,1,1,1,0,1,1,-1,1,1,0,1,1,1,1,1,1,0,1,1,1,1,1,1,1,1,-1,1,1,0,0,1,1,-1,1,1,1,1,1,1,1,1,1,0,1,1,-1,1,0,1,1,1,-1,1,1,1,0,-1,1,-1,1,1,1,1,1,-1,1,0,1,0,1,1,-1,1,1,1,1,1,-1,1,1,1,0,-1,1,1,0,1,1,1,1
1007,0,-1,1,1,1,1,1,1,1,1,1,1,1,1,1,1,-1,1,1,0,1,1,1,1,-1,1,1,1,-1,1,1,1,1,1,1,1,-1,1,0,1,1,1,-1,1,-1,1,1,-1,1,-1,1,1,1,0,-1,1,1,0,1,1,1,1,1,-1,1,1,-1,1,-1,1,1,1,1,1,1,1,0,-1,1,1,1,-1,1,1,1,1,1,1,1,1,1,1,1,1,1,0,1,1,1,-1
3071,0,-1,1,1,1,1,1,-1,1,-1,-1,1,-1,1,1,1,-1,1,1,1,1,1,1,1,1,1,-1,1,1,1,1,1,1,-1,1,1,1,0,-1,1,1,1,1,1,-1,1,1,1,1,-1,1,1,1,1,1,1,1,1,1,1,1,1,1,-1,1,1,1,1,1,1,-1,1,1,1,0,-1,1,1,1,1,1,-1,1,0,-1,1,-1,1,1,1,-1,1,1,1,1,1,1,1,1,1
611,0,-1,1,-1,1,1,1,1,1,-1,1,1,1,0,-1,1,-1,1,1,1,1,1,1,1,1,1,0,-1,1,1,1,1,1,1,1,1,1,1,1,0,1,1,-1,1,1,1,1,0,-1,1,1,1,0,-1,1,-1,1,1,1,1,1,-1,1,1,1,0,1,1,-1,1,1,1,1,1,-1,1,1,1,0,-1,1,-1,1,1,1,1,1,1,1,1,1,0,1,1,0,1,1,1,1,1
4343,0,-1,1,1,1,1,1,1,1,1,1,1,1,1,1,1,-1,1,1,1,1,1,1,1,-1,-1,1,1,1,1,1,-1,1,1,1,1,-1,1,1,1,1,1,1,0,1,1,1,1,1,1,1,1,-1,1,-1,1,-1,1,-1,1,1,1,1,1,1,1,1,1,-1,1,1,1,1,1,1,1,1,1,-1,-1,1,-1,1,1,-1,1,0,-1,1,1,1,1,-1,1,1,-1,1,-1,1,1
551,0,-1,1,1,1,1,1,-1,1,1,1,1,1,1,1,1,-1,1,1,0,-1,1,1,-1,-1,-1,1,1,1,0,-1,1,1,1,1,1,-1,1,0,1,1,1,1,1,1,-1,1,1,1,-1,1,1,1,1,-1,1,1,0,0,1,1,1,1,1,1,1,1,1,1,1,1,1,1,1,-1,1,0,1,1,1,1,-1,-1,-1,1,1,1,0,1,1,1,1,1,1,1,0,1,1,1,1
1391,0,-1,1,-1,1,1,1,1,1,-1,1,1,1,0,-1,1,-1,1,1,1,1,1,1,1,1,1,0,-1,1,-1,1,1,1,1,1,-1,1,1,1,0,-1,1,-1,1,1,1,1,1,-1,1,1,1,0,-1,1,1,1,1,1,1,1,-1,1,1,1,0,1,1,1,1,1,1,1,1,1,1,1,1,0,-1,1,-1,1,1,1,1,1,-1,1,1,1,0,-1,1,1,1,1,1,1,1
767,0,-1,1,-1,1,1,1,1,1,-1,1,1,1,0,1,1,-1,1,1,1,1,1,-1,1,1,1,0,-1,1,-1,1,1,1,1,1,-1,1,1,1,0,1,1,1,1,1,1,1,1,-1,1,1,1,0,-1,1,1,1,1,1,0,1,1,1,1,1,0,-1,1,-1,1,1,1,1,1,-1,1,1,1,0,-1,1,-1,1,1,1,1,1,-1,1,1,1,0,1,1,-1,1,1,1,1,1
6431,0,-1,1,-1,1,-1,1,-1,1,-1,1,1,1,1,1,-1,-1,1,1,1,1,-1,-1,1,1,-1,-1,-1,1,1,1,1,1,1,1,-1,1,1,1,1,1,1,1,1,1,-1,1,1,-1,-1,1,1,1,1,1,1,1,1,1,0,1,1,1,-1,1,1,-1,1,1,1,1,1,1,1,1,-1,1,1,-1,1,-1,-1,1,1,1,1,1,1,1,1,1,1,1,1,1,1,1,1,1,1
6077,0,-1,1,1,-1,1,1,-1,1,-1,1,1,1,1,1,-1,-1,-1,1,-1,1,1,1,1,1,-1,-1,1,-1,-1,1,1,1,1,1,1,-1,1,1,1,1,-1,1,1,1,1,-1,1,1,-1,1,1,1,1,1,1,1,1,1,0,-1,1,1,-1,-1,1,-1,1,-1,1,1,1,1,1,1,1,-1,1,1,-1,1,-1,1,1,1,1,1,1,1,1,1,1,1,1,1,1,1,1,1,1
3317,0,-1,1,1,-1,1,1,1,1,-1,-1,1,1,1,-1,1,-1,1,1,-1,1,1,1,1,1,-1,1,1,1,1,1,0,1,-1,1,-1,-1,1,1,-1,-1,-1,1,1,1,1,1,-1,1,-1,1,1,1,1,1,1,-1,1,1,1,1,1,0,1,-1,1,1,1,1,-1,1,1,1,1,1,1,-1,1,1,1,1,-1,1,1,1,1,1,-1,1,1,-1,1,1,0,1,1,1,1,1,1
2077,0,-1,1,1,-1,1,1,1,1,-1,-1,1,1,1,-1,1,-1,1,1,-1,1,1,1,1,1,-1,1,1,1,1,1,0,1,-1,1,-1,-1,1,1,-1,-1,1,1,1,1,1,1,-1,1,-1,1,1,1,1,1,1,-1,1,1,-1,1,1,0,1,-1,1,1,0,1,1,1,-1,1,1,1,1,-1,1,1,1,1,-1,-1,1,1,1,1,1,1,1,-1,1,1,0,1,1,1,1,1,1
11021,0,-1,1,1,-1,1,1,1,1,-1,1,1,1,-1,-1,1,-1,1,1,-1,1,1,1,-1,1,-1,1,1,1,-1,-1,1,1,-1,-1,1,-1,1,1,1,1,-1,1,1,1,1,1,1,1,-1,1,1,-1,1,1,1,-1,1,1,1,1,-1,1,1,-1,1,1,1,1,1,1,1,1,1,1,1,-1,1,1,-1,1,-1,1,-1,1,1,1,1,1,1,1,1,-1,1,1,1,1,1,1,1
5029,0,-1,1,-1,-1,1,1,1,1,-1,1,1,-1,1,-1,1,-1,1,1,1,1,1,1,1,1,-1,1,-1,1,1,1,1,1,1,-1,1,-1,-1,1,1,1,1,-1,1,1,1,1,0,-1,-1,1,1,1,-1,1,1,-1,1,1,1,1,-1,1,1,-1,1,1,1,1,1,1,1,1,1,1,-1,1,1,1,-1,1,-1,1,-1,1,1,1,1,1,-1,1,1,1,1,0,1,1,1,1,1
8549,0,-1,1,1,-1,1,1,-1,1,-1,1,1,1,1,1,1,-1,-1,1,1,1,1,1,-1,1,-1,-1,1,-1,-1,-1,1,1,-1,1,1,-1,1,-1,1,1,-1,1,1,1,1,1,1,1,-1,1,1,1,1,1,1,1,1,1,-1,1,-1,1,-1,-1,1,1,1,-1,1,1,1,1,1,1,1,1,1,1,1,1,-1,1,0,1,1,1,1,1,1,1,1,-1,-1,1,1,1,1,1,1
589,0,-1,1,1,-1,-1,1,-1,1,-1,1,1,1,1,1,1,-1,1,1,0,-1,1,1,1,1,-1,1,1,-1,1,1,0,1,1,1,-1,-1,1,0,-1,1,1,1,1,1,-1,1,-1,1,-1,1,1,1,1,1,1,1,0,1,1,1,1,0,-1,-1,1,-1,1,1,1,1,1,1,1,1,1,0,1,1,1,-1,-1,-1,1,1,1,1,-1,1,1,1,1,1,0,1,0,1,1,1,1
5893,0,-1,1,-1,-1,1,1,1,1,-1,-1,1,-1,1,1,1,-1,1,1,1,1,1,1,1,1,-1,1,-1,1,-1,-1,1,1,1,1,1,-1,-1,-1,1,-1,1,1,1,1,1,1,1,-1,-1,1,1,1,1,1,1,1,1,1,1,1,1,1,1,-1,1,1,1,1,1,1,0,1,1,1,-1,1,-1,1,1,1,-1,1,0,1,1,-1,-1,1,1,-1,1,1,1,1,-1,1,1,1,1
3953,0,-1,1,1,-1,1,1,1,1,-1,1,1,1,1,1,-1,-1,-1,1,-1,1,-1,-1,1,1,-1,-1,1,1,-1,1,1,1,1,1,-1,-1,1,1,1,1,1,1,1,1,1,1,1,1,-1,1,1,1,1,1,1,1,1,1,0,-1,1,-1,1,-1,1,1,0,-1,1,1,-1,1,1,1,1,-1,1,1,1,1,-1,1,1,-1,1,-1,1,-1,1,1,1,1,1,1,1,1,1,1,1
2461,0,-1,1,-1,-1,1,1,1,1,-1,1,1,-1,-1,1,1,-1,1,1,1,1,1,1,0,1,-1,1,-1,1,-1,1,1,1,1,1,-1,-1,1,1,-1,1,-1,1,1,1,1,0,-1,-1,-1,1,1,-1,1,1,1,1,1,1,1,1,1,-1,1,-1,1,1,1,1,0,1,1,1,1,1,-1,1,1,1,1,1,-1,1,1,1,-1,1,-1,1,1,1,1,0,1,1,1,1,1,1,1
4661,0,-1,1,1,-1,-1,1,1,1,-1,1,1,1,1,1,1,-1,1,1,-1,-1,-1,-1,1,1,-1,-1,1,1,1,1,1,1,1,1,1,-1,1,1,1,1,1,1,1,1,-1,-1,1,1,-1,1,-1,1,1,1,1,1,1,1,0,1,1,-1,1,-1,1,1,1,1,1,1,1,1,1,1,1,-1,1,1,0,-1,-1,1,1,-1,1,1,-1,-1,1,1,1,1,1,1,-1,1,1,1,1
6313,0,-1,1,-1,-1,1,1,1,1,-1,1,1,-1,1,1,1,-1,1,1,-1,1,1,1,1,1,-1,1,-1,1,-1,1,1,1,1,1,-1,-1,1,1,1,1,-1,1,1,1,1,1,1,-1,-1,1,1,1,-1,1,1,1,-1,1,0,1,1,-1,1,-1,1,1,1,1,1,1,1,1,1,1,-1,-1,1,1,-1,1,-1,1,1,1,-1,-1,-1,1,1,1,1,1,1,1,1,1,1,1,1
8453,0,-1,1,1,-1,1,1,1,1,-1,-1,-1,1,-1,1,1,-1,1,1,-1,1,1,1,-1,1,-1,1,1,1,1,1,1,1,1,1,1,-1,1,1,1,-1,1,-1,1,-1,1,1,1,1,-1,1,1,-1,1,1,1,1,1,1,1,1,1,-1,1,-1,1,1,1,1,1,1,1,1,1,1,1,-1,1,1,0,1,-1,1,-1,1,1,1,-1,1,-1,-1,1,-1,1,1,1,1,1,1,-1
2033,0,-1,1,1,-1,1,1,1,1,-1,1,-1,1,1,1,1,-1,1,1,0,1,1,1,-1,1,-1,1,1,1,1,-1,1,1,1,1,-1,-1,1,0,-1,1,1,-1,1,-1,1,1,-1,1,-1,1,1,1,1,1,1,1,0,1,1,1,-1,-1,1,-1,1,1,1,1,1,1,1,1,1,1,1,0,1,1,1,1,-1,1,-1,1,-1,1,-1,1,1,1,1,-1,1,1,0,1,1,1,-1
893,0,-1,1,1,-1,1,-1,-1,1,-1,1,1,1,1,1,1,-1,-1,1,0,1,1,1,1,-1,-1,1,1,-1,1,1,1,1,1,1,1,-1,1,0,1,1,1,-1,1,1,1,1,0,1,-1,1,1,1,1,-1,-1,1,0,1,1,1,-1,1,-1,-1,1,1,1,-1,1,1,1,1,1,-1,1,0,1,1,1,1,-1,1,-1,1,1,1,1,1,1,1,1,1,1,0,0,-1,1,1,1
2537,0,-1,1,1,-1,1,1,1,1,-1,1,1,1,1,1,-1,-1,-1,1,1,1,-1,1,1,1,-1,1,1,1,1,1,1,1,1,1,-1,-1,1,1,1,1,-1,1,0,1,1,1,1,1,-1,1,1,1,-1,1,1,1,-1,1,0,-1,1,1,1,-1,1,-1,1,-1,1,1,1,1,1,-1,1,1,1,-1,-1,1,-1,1,1,-1,1,0,-1,1,1,1,1,1,1,1,-1,1,1,1,1
989,0,-1,1,1,-1,1,-1,1,1,-1,1,1,1,-1,1,1,-1,1,1,1,1,1,1,0,-1,-1,1,1,1,1,1,-1,1,1,1,-1,-1,1,1,1,1,-1,1,0,1,1,0,-1,1,-1,1,1,-1,1,-1,1,1,1,-1,-1,1,1,1,1,-1,1,1,1,1,0,1,1,1,1,1,1,1,1,-1,1,1,-1,1,1,1,1,0,-1,1,1,1,1,0,1,1,-1,-1,1,1,1
6557,0,-1,1,1,-1,1,1,1,1,-1,-1,-1,1,1,1,1,-1,1,1,1,1,-1,1,-1,1,-1,-1,1,1,1,1,-1,1,1,1,1,-1,1,-1,1,-1,1,1,1,-1,1,1,1,1,-1,1,-1,1,1,1,1,1,1,1,1,1,1,1,1,-1,-1,1,1,1,1,1,1,1,1,1,1,1,1,1,0,1,-1,1,0,-1,1,1,-1,1,1,-1,1,-1,1,1,-1,1,1,1,-1
1957,0,-1,1,1,-1,1,1,-1,1,-1,1,1,1,1,1,1,-1,-1,1,0,1,1,1,-1,1,-1,-1,1,-1,1,-1,1,1,1,1,1,-1,1,0,1,1,1,1,1,1,1,1,1,1,-1,1,1,1,1,1,-1,1,0,-1,1,1,-1,1,-1,-1,1,-1,1,-1,1,1,1,1,1,1,1,0,1,1,1,1,-1,-1,-1,1,1,1,1,1,1,1,1,-1,-1,1,0,1,1,1,1
1817,0,-1,-1,1,-1,1,1,1,-1,-1,1,1,1,-1,1,1,-1,1,-1,1,1,1,1,0,1,-1,-1,1,1,1,1,-1,-1,1,1,1,-1,1,1,1,1,1,1,1,1,1,0,1,1,-1,-1,1,-1,1,1,-1,1,1,1,1,1,1,-1,1,-1,1,1,1,1,0,1,1,-1,-1,1,1,1,1,1,0,1,-1,1,1,1,1,1,-1,1,1,1,1,0,1,1,-1,1,1,-1,1
3713,0,-1,-1,1,-1,1,1,1,-1,-1,1,1,1,1,1,1,-1,1,-1,1,1,-1,1,1,1,-1,1,1,1,1,1,1,-1,1,1,1,-1,1,1,1,1,1,-1,1,1,1,1,0,1,-1,-1,-1,1,1,1,-1,1,1,1,1,1,1,1,1,-1,-1,1,1,1,1,1,1,-1,1,1,1,1,1,1,0,1,-1,1,-1,-1,1,1,1,1,-1,1,1,1,1,0,-1,1,-1,-1,1
1333,0,-1,1,1,-1,1,1,1,1,-1,-1,1,1,1,-1,1,-1,1,1,1,1,1,1,1,1,-1,1,1,1,1,1,0,1,1,1,-1,-1,1,-1,1,-1,-1,1,0,1,1,1,-1,1,-1,1,1,1,1,1,1,-1,1,1,-1,1,1,0,1,-1,1,-1,-1,1,1,1,1,1,1,1,1,1,1,-1,1,1,-1,1,1,1,1,0,-1,1,1,-1,1,1,0,1,-1,1,-1,1,1
1357,0,-1,1,-1,-1,1,1,1,1,-1,1,1,-1,1,1,1,-1,1,1,1,1,1,1,0,1,-1,-1,-1,1,-1,1,1,1,1,1,-1,-1,1,1,1,1,-1,1,1,1,1,0,1,-1,-1,1,1,1,1,1,1,1,1,1,0,1,1,-1,1,-1,1,1,1,1,0,1,-1,1,1,1,-1,1,1,-1,1,1,-1,1,1,1,-1,1,-1,1,1,1,1,0,1,-1,-1,1,1,1,1
3149,0,-1,1,1,-1,1,-1,1,1,-1,1,1,1,1,-1,1,-1,-1,1,1,1,-1,1,1,-1,-1,1,1,1,1,1,1,1,1,1,1,-1,-1,1,1,1,1,1,1,1,1,1,0,1,-1,1,1,1,1,-1,-1,-1,1,1,-1,1,1,1,1,-1,-1,1,0,-1,1,1,-1,1,1,1,1,1,1,1,1,1,-1,1,-1,-1,1,1,1,1,-1,1,1,1,1,0,1,-1,1,1,1
3053,0,-1,1,1,-1,1,-1,1,1,-1,-1,1,1,1,1,-1,-1,1,1,1,1,1,1,1,-1,-1,1,1,1,1,1,1,1,1,1,1,-1,1,-1,1,-1,1,1,0,1,1,1,1,1,-1,1,1,1,1,-1,1,1,-1,-1,1,-1,1,1,1,-1,1,1,1,1,1,1,0,1,1,-1,1,1,1,1,-1,1,-1,1,-1,1,1,0,-1,1,1,-1,1,1,1,1,-1,-1,1,1,1
7313,0,-1,-1,1,-1,1,1,1,-1,-1,1,1,1,1,1,-1,-1,1,-1,-1,1,1,1,1,1,-1,1,1,1,-1,-1,1,-1,1,1,1,-1,1,-1,1,1,1,1,1,1,1,1,1,1,-1,-1,1,1,1,1,1,1,1,-1,1,-1,1,1,1,-1,1,1,1,1,1,1,0,-1,1,1,1,-1,1,1,-1,1,-1,1,-1,1,1,1,1,1,1,1,-1,1,1,1,1,1,1,-1,1
1577,0,-1,1,1,-1,1,1,-1,1,-1,1,-1,1,1,1,1,-1,-1,1,0,1,1,1,-1,1,-1,-1,1,-1,1,-1,1,1,1,1,1,-1,1,0,1,1,1,1,1,-1,1,1,1,1,-1,1,1,1,1,1,1,1,0,1,1,1,-1,1,-1,-1,1,1,1,-1,1,1,1,1,1,1,1,0,-1,1,1,1,-1,1,0,1,1,1,-1,1,1,1,1,-1,-1,1,0,1,1,1,-1
2573,0,-1,1,1,-1,1,1,-1,1,-1,-1,1,1,1,1,1,-1,1,1,1,1,1,1,1,1,-1,1,1,-1,1,1,0,1,-1,1,1,-1,1,-1,1,-1,-1,1,1,1,1,1,1,1,-1,1,-1,1,1,1,1,1,1,1,-1,1,1,0,-1,-1,1,1,1,1,-1,-1,1,1,1,1,1,1,1,-1,1,1,-1,1,0,1,1,1,-1,1,1,-1,1,1,0,-1,-1,1,1,1,1
2369,0,-1,-1,1,-1,1,1,1,-1,-1,1,1,1,-1,1,1,-1,1,-1,1,1,1,1,0,1,-1,-1,1,1,-1,1,1,-1,1,1,1,-1,1,1,1,1,-1,1,1,1,1,0,1,1,-1,-1,1,-1,1,1,-1,1,1,-1,-1,1,1,1,1,-1,1,1,1,1,0,1,1,-1,1,1,1,1,1,1,1,1,-1,-1,1,1,1,1,1,1,1,1,1,0,-1,1,1,1,1,-1,1
5293,0,-1,1,1,-1,1,1,1,1,-1,-1,1,1,1,1,1,-1,1,1,-1,1,-1,-1,-1,1,-1,-1,1,1,1,1,1,1,1,1,1,-1,1,1,1,-1,1,1,1,1,1,1,1,1,-1,1,1,1,1,1,-1,1,1,1,1,1,1,-1,1,-1,-1,1,0,1,1,1,1,1,-1,1,1,-1,1,1,0,1,-1,1,-1,-1,1,1,1,-1,-1,-1,1,-1,1,1,1,1,1,1,1
5561,0,-1,1,1,-1,1,1,1,1,-1,-1,1,1,1,1,1,-1,-1,1,1,1,-1,1,-1,1,-1,-1,1,1,-1,1,1,1,-1,1,1,-1,-1,1,1,-1,1,1,1,1,1,1,1,1,-1,1,1,1,1,1,1,1,1,1,-1,1,1,1,1,-1,-1,1,0,-1,1,1,1,1,1,1,1,1,-1,1,1,1,-1,1,0,-1,1,-1,1,1,1,-1,1,-1,-1,1,1,1,1,1,1
1501,0,-1,1,1,-1,-1,1,1,1,-1,1,-1,1,1,1,1,-1,1,1,0,-1,1,1,-1,1,-1,-1,1,1,1,1,1,1,1,1,1,-1,1,0,1,1,1,-1,1,-1,-1,1,1,1,-1,1,1,1,1,1,-1,1,0,1,1,1,1,-1,1,-1,1,1,1,1,1,1,1,1,-1,1,1,0,1,1,0,-1,-1,1,-1,1,1,1,-1,1,1,1,1,-1,1,1,0,1,1,1,-1
1349,0,-1,1,1,-1,-1,-1,1,1,-1,1,1,1,1,1,1,-1,1,1,0,-1,1,1,1,-1,-1,1,1,1,1,-1,1,1,1,1,1,-1,1,0,1,1,1,1,-1,1,-1,1,1,1,-1,1,1,1,1,-1,1,1,0,-1,1,1,1,1,1,-1,1,1,1,1,1,1,0,1,-1,-1,1,0,-1,1,1,-1,-1,1,-1,1,1,1,-1,1,1,1,1,1,1,1,0,-1,1,1,1
1121,0,-1,1,1,-1,-1,1,-1,1,-1,1,1,1,1,1,1,-1,-1,1,0,-1,1,1,1,1,-1,-1,1,-1,1,1,1,1,1,1,-1,-1,1,0,1,1,1,1,1,1,-1,1,1,1,-1,1,1,1,1,1,1,1,0,1,0,1,1,-1,-1,-1,1,-1,1,-1,1,1,1,1,1,-1,1,0,1,1,1,-1,-1,1,1,1,-1,1,-1,1,1,1,1,1,1,1,0,1,1,1,1
2021,0,-1,1,1,-1,1,-1,1,1,-1,1,1,1,1,-1,1,-1,-1,1,1,1,-1,1,1,-1,-1,1,1,1,1,1,1,1,1,1,1,-1,1,1,1,1,1,1,0,1,1,1,0,1,-1,1,1,1,-1,-1,1,-1,1,1,-1,1,1,1,1,-1,1,1,1,-1,1,1,1,1,1,-1,1,1,1,1,-1,1,-1,1,-1,-1,1,0,1,1,1,1,1,1,1,0,-1,-1,-1,1,1
4429,0,-1,1,1,-1,1,1,1,1,-1,1,1,1,-1,-1,-1,-1,-1,1,1,1,1,1,-1,1,-1,1,1,1,1,1,1,1,1,1,1,-1,1,-1,1,1,-1,1,0,1,1,1,1,1,-1,1,1,-1,1,1,1,-1,1,-1,-1,-1,1,1,1,-1,1,-1,1,-1,1,1,1,1,1,1,1,1,1,1,-1,1,-1,1,-1,1,1,0,1,1,1,1,1,-1,1,1,1,1,-1,1,1
6901,0,-1,1,1,-1,1,1,1,1,-1,1,1,1,1,-1,-1,-1,-1,1,-1,1,1,1,-1,1,-1,-1,1,1,-1,1,1,1,-1,1,1,-1,1,1,1,1,1,1,1,1,1,1,1,1,-1,1,1,1,1,1,-1,-1,1,1,-1,-1,1,1,1,-1,1,1,0,-1,1,1,1,1,1,1,1,-1,1,1,1,1,-1,-1,-1,1,1,1,1,1,1,1,-1,-1,-1,1,1,1,1,1,1
2773,0,-1,1,-1,-1,1,1,-1,1,-1,1,1,-1,1,1,1,-1,-1,1,1,1,-1,1,1,1,-1,1,-1,-1,1,1,1,1,1,1,1,-1,1,1,1,1,1,1,1,1,1,1,0,-1,-1,1,-1,1,-1,1,1,1,1,1,0,1,1,1,-1,-1,1,1,1,-1,1,1,-1,1,1,-1,-1,1,1,1,-1,1,-1,1,1,-1,1,1,1,1,1,1,1,1,1,0,-1,1,1,1,1
7169,0,-1,1,1,-1,1,1,1,1,-1,-1,1,1,1,-1,1,-1,1,1,-1,1,1,1,-1,1,-1,1,1,1,-1,1,1,1,-1,1,-1,-1,-1,1,-1,-1,1,1,1,1,1,1,-1,1,-1,1,1,1,1,1,1,-1,1,1,1,1,1,-1,1,-1,1,1,0,1,1,1,1,1,1,1,1,-1,1,1,1,1,-1,1,-1,1,1,-1,1,1,-1,-1,1,-1,1,1,1,1,1,1,1
1541,0,-1,1,1,-1,1,-1,1,1,-1,1,1,1,1,1,1,-1,1,1,1,1,1,1,0,-1,-1,-1,1,1,-1,1,1,1,1,1,-1,-1,1,1,-1,1,1,1,1,1,1,0,-1,1,-1,1,1,1,1,-1,-1,1,1,1,-1,1,1,-1,1,-1,1,1,0,1,0,1,-1,1,-1,1,1,1,-1,1,1,1,-1,-1,1,1,1,1,1,1,1,1,1,0,-1,1,1,-1,1,1,1
7597,0,-1,1,-1,-1,1,1,1,1,-1,-1,1,-1,1,1,1,-1,1,1,-1,1,1,1,1,1,-1,1,-1,1,-1,-1,1,1,1,1,1,-1,-1,1,1,-1,1,1,1,1,1,1,1,-1,-1,1,1,1,1,1,1,1,-1,1,1,1,1,1,1,-1,1,1,1,1,1,1,0,1,1,1,-1,-1,1,1,-1,1,-1,1,-1,1,1,-1,-1,1,-1,-1,1,1,1,1,1,1,1,1,1
8137,0,-1,-1,1,-1,1,1,1,-1,-1,1,1,1,-1,1,1,-1,1,-1,-1,1,1,1,-1,1,-1,-1,1,1,1,1,1,-1,1,1,1,-1,1,-1,1,1,1,1,1,1,1,-1,1,1,-1,-1,1,-1,1,1,-1,1,1,1,1,1,1,1,1,-1,1,1,1,1,1,1,1,-1,1,1,1,-1,1,1,0,1,-1,1,-1,1,1,1,1,1,1,1,1,-1,1,1,1,1,-1,-1,1
1457,0,-1,-1,1,-1,1,1,-1,-1,-1,1,1,1,1,-1,1,-1,1,-1,1,1,1,1,1,1,-1,1,1,-1,1,1,0,-1,1,1,1,-1,1,1,1,1,1,1,1,1,1,1,0,1,-1,-1,-1,1,1,1,1,-1,1,1,-1,1,1,0,-1,-1,1,1,1,1,1,1,-1,-1,1,1,1,1,1,1,1,1,-1,1,1,1,1,1,1,1,1,1,1,1,0,0,-1,1,-1,-1,1
3901,0,-1,1,-1,-1,1,1,-1,1,-1,1,1,-1,1,1,1,-1,-1,1,1,1,-1,1,1,1,-1,1,-1,-1,1,1,1,1,1,1,1,-1,-1,1,1,1,1,1,1,1,1,1,0,-1,-1,1,-1,1,1,1,1,1,1,1,-1,1,-1,1,-1,-1,-1,1,1,-1,1,1,1,1,1,1,-1,1,1,1,1,1,-1,1,0,-1,1,1,1,1,1,1,1,1,1,0,-1,1,1,1,1
1909,0,-1,1,-1,-1,1,1,1,1,-1,1,1,-1,1,1,1,-1,1,1,1,1,1,1,0,1,-1,-1,-1,1,-1,1,-1,1,1,1,1,-1,1,1,1,1,-1,1,1,1,1,0,1,-1,-1,1,1,1,1,1,1,1,1,1,-1,1,1,1,1,-1,1,1,1,1,0,-1,1,1,1,1,-1,1,-1,-1,1,1,-1,1,0,1,1,1,-1,1,1,1,1,0,-1,-1,-1,1,1,1,1
1829,0,-1,1,1,-1,-1,1,-1,1,-1,1,1,1,1,1,1,-1,1,1,-1,-1,1,1,1,1,-1,1,1,-1,1,1,0,1,1,1,-1,-1,1,1,1,1,-1,1,1,1,-1,1,1,1,-1,1,-1,1,1,1,1,1,1,1,0,1,1,0,-1,-1,1,-1,1,1,1,1,-1,1,1,1,1,-1,1,-1,1,-1,-1,1,1,1,1,1,-1,1,1,1,1,1,0,-1,-1,1,1,1,1
4757,0,-1,1,1,-1,1,-1,1,1,-1,-1,1,1,1,1,-1,-1,1,1,-1,1,1,1,1,-1,-1,1,1,1,-1,1,1,1,1,1,1,-1,-1,1,1,-1,1,1,1,1,1,1,1,1,-1,1,1,1,1,-1,1,1,1,1,1,-1,1,1,1,-1,1,1,0,1,1,1,0,1,-1,1,1,-1,-1,1,1,1,-1,1,-1,1,1,-1,1,1,-1,-1,-1,1,1,1,1,-1,1,1,1
3397,0,-1,1,1,-1,1,1,1,1,-1,-1,-1,1,-1,1,1,-1,1,1,1,1,-1,1,-1,1,-1,1,1,1,1,1,-1,1,1,1,1,-1,1,-1,1,-1,1,1,0,-1,1,1,1,1,-1,1,1,-1,1,1,1,1,1,1,1,1,1,1,1,-1,1,1,-1,1,1,1,1,1,1,1,1,1,1,1,0,1,-1,1,-1,-1,1,0,-1,1,1,-1,1,-1,1,1,-1,1,-1,1,-1
3569,0,-1,1,1,-1,1,1,1,1,-1,-1,-1,1,1,1,1,-1,-1,1,1,1,-1,1,-1,1,-1,1,1,1,1,1,-1,1,1,1,1,-1,1,-1,1,-1,-1,1,0,-1,1,1,1,1,-1,1,1,1,1,1,1,1,1,1,-1,1,1,1,1,-1,1,1,1,-1,1,1,1,1,1,1,1,1,1,-1,1,1,-1,1,0,-1,1,0,-1,1,1,-1,1,-1,1,1,-1,1,1,1,-1
4189,0,-1,1,-1,-1,-1,1,1,1,-1,1,1,-1,1,1,-1,-1,1,1,-1,-1,1,1,1,1,-1,1,-1,1,-1,1,1,1,1,1,1,-1,1,1,1,1,1,1,1,1,-1,1,1,-1,-1,1,1,1,1,1,1,1,-1,1,0,-1,1,1,1,-1,1,1,1,1,1,1,0,1,1,-1,-1,-1,1,1,-1,-1,-1,1,1,1,1,-1,-1,1,1,1,1,1,1,1,-1,1,1,1,1
2201,0,-1,-1,1,-1,-1,1,1,-1,-1,-1,1,1,1,1,1,-1,1,-1,-1,-1,1,1,1,1,-1,1,1,1,1,1,0,-1,1,1,1,-1,1,-1,1,-1,1,1,1,1,-1,1,1,1,-1,-1,1,1,1,1,1,1,1,1,1,1,1,0,1,-1,1,1,1,1,1,1,0,-1,1,1,1,-1,1,1,1,-1,-1,1,1,1,1,1,-1,1,1,-1,1,1,0,1,-1,1,1,-1,1
4601,0,-1,1,1,-1,1,1,1,1,-1,-1,-1,1,-1,-1,1,-1,1,1,1,1,1,1,-1,1,-1,1,1,1,1,1,1,1,1,1,-1,-1,1,1,1,-1,-1,1,0,-1,1,1,-1,1,-1,1,1,-1,-1,1,1,-1,-1,1,1,1,1,1,1,-1,1,1,1,1,1,1,1,1,1,1,1,1,1,1,-1,1,-1,1,-1,1,1,0,-1,1,1,-1,1,-1,1,1,1,1,1,1,-1
437,0,-1,1,1,-1,1,-1,1,1,-1,1,1,1,1,1,1,-1,1,1,0,1,1,1,0,-1,-1,-1,1,1,1,1,1,1,1,1,-1,-1,1,0,-1,1,1,1,1,1,1,0,-1,1,-1,1,1,1,1,-1,-1,1,0,-1,1,1,1,-1,1,-1,1,1,1,1,0,1,1,1,-1,1,1,0,-1,1,1,1,-1,-1,1,1,-1,1,-1,1,1,1,1,0,-1,1,0,-1,1,1,1
817,0,-1,1,1,-1,1,-1,1,1,-1,1,-1,1,1,1,1,-1,-1,1,0,1,1,1,-1,-1,-1,1,1,1,1,1,1,1,1,1,-1,-1,1,0,1,1,1,1,0,-1,1,1,-1,1,-1,1,1,1,1,-1,1,1,0,-1,1,1,1,1,1,-1,1,-1,1,-1,1,1,1,1,1,-1,1,0,1,1,1,1,-1,1,-1,1,1,0,-1,1,1,1,1,-1,1,1,0,-1,1,1,-1
1273,0,-1,1,1,-1,1,-1,1,1,-1,1,1,1,1,1,1,-1,-1,1,0,1,1,1,-1,-1,-1,-1,1,1,1,1,1,1,1,1,-1,-1,1,0,-1,1,1,1,1,1,1,1,-1,1,-1,1,1,1,1,-1,-1,1,0,1,1,1,1,-1,1,-1,1,1,0,-1,1,1,1,1,-1,1,1,0,-1,1,1,1,-1,-1,-1,1,1,1,1,1,1,1,1,-1,-1,1,0,-1,1,1,1
4897,0,-1,1,-1,-1,1,1,-1,1,-1,1,1,-1,1,1,1,-1,-1,1,1,1,-1,1,1,1,-1,-1,-1,-1,-1,1,1,1,1,1,1,-1,1,1,1,1,-1,1,1,1,1,1,1,-1,-1,1,-1,1,1,1,1,1,1,1,0,1,1,1,-1,-1,1,1,1,-1,1,1,1,1,1,1,-1,1,1,-1,1,1,-1,1,0,-1,1,-1,-1,1,1,1,1,1,1,-1,-1,1,1,1,1
4841,0,-1,-1,1,-1,1,1,-1,-1,-1,1,1,1,1,-1,1,-1,-1,-1,1,1,1,1,1,1,-1,1,1,-1,1,1,1,-1,1,-1,1,-1,1,1,1,1,1,1,1,1,1,1,0,1,-1,-1,1,1,1,1,-1,-1,1,1,-1,1,-1,1,-1,-1,1,1,1,-1,1,1,1,-1,1,1,1,1,1,1,-1,1,-1,1,-1,1,1,1,1,1,1,1,1,1,1,0,1,1,-1,-1,1
2881,0,-1,1,1,-1,1,-1,1,1,-1,-1,1,1,1,-1,-1,-1,-1,1,1,1,-1,1,-1,-1,-1,1,1,1,1,1,1,1,1,1,-1,-1,1,1,1,-1,1,1,0,1,1,1,-1,1,-1,1,1,1,1,-1,1,-1,1,1,-1,-1,1,1,1,-1,1,1,0,-1,1,1,1,1,1,1,1,1,1,1,1,1,-1,1,-1,-1,1,0,1,1,1,-1,1,-1,1,1,1,-1,1,1,1
3193,0,-1,-1,1,-1,1,1,-1,-1,-1,1,1,1,1,-1,1,-1,1,-1,-1,1,1,1,1,1,-1,1,1,-1,1,1,0,-1,-1,1,1,-1,1,-1,1,1,-1,1,1,1,1,1,1,1,-1,-1,1,1,1,1,1,-1,1,1,-1,1,1,0,-1,-1,1,-1,1,1,1,1,1,-1,1,1,1,-1,1,1,1,1,-1,-1,1,1,1,1,1,1,1,1,1,1,0,1,1,1,-1,-1,1
713,0,-1,-1,1,-1,1,1,1,-1,-1,1,1,1,1,1,1,-1,1,-1,1,1,1,1,0,1,-1,1,1,1,1,1,0,-1,1,1,-1,-1,1,1,-1,1,-1,1,1,1,1,0,-1,1,-1,-1,1,1,1,1,1,1,1,1,-1,1,1,0,1,-1,1,1,1,1,0,-1,-1,-1,1,1,1,1,1,-1,1,1,-1,-1,1,1,1,1,-1,1,1,1,1,0,0,-1,-1,1,1,-1,1
8881,0,-1,1,-1,-1,1,1,1,1,-1,-1,-1,-1,1,1,1,-1,1,1,1,1,1,1,-1,1,-1,1,-1,1,-1,-1,1,1,-1,1,1,-1,-1,1,1,-1,-1,1,1,-1,1,1,1,-1,-1,1,1,1,1,1,1,1,1,1,1,1,-1,1,1,-1,1,1,1,1,-1,1,1,1,1,1,-1,1,1,1,1,1,-1,1,0,1,1,-1,-1,1,1,-1,1,-1,1,1,1,1,1,1,-1
1081,0,-1,-1,-1,-1,1,-1,1,-1,-1,1,1,-1,1,1,1,-1,1,-1,1,1,1,1,0,-1,-1,1,-1,1,1,1,1,-1,1,1,1,-1,1,1,1,1,1,1,1,1,1,0,0,-1,-1,-1,1,1,1,-1,-1,1,1,1,-1,1,1,1,1,-1,1,1,1,1,0,1,-1,-1,1,1,-1,1,1,1,1,1,-1,1,1,1,1,1,1,1,1,1,1,0,1,0,-1,-1,1,-1,1
5609,0,-1,-1,1,-1,-1,1,1,-1,-1,-1,1,1,1,1,1,-1,1,-1,-1,-1,1,1,1,1,-1,1,1,1,1,1,1,-1,1,1,1,-1,1,-1,1,-1,1,1,1,1,-1,1,1,1,-1,-1,1,1,1,1,1,1,1,1,1,1,1,1,1,-1,1,1,1,1,1,1,0,-1,-1,1,1,-1,1,1,0,-1,-1,1,-1,1,1,1,-1,1,-1,-1,1,1,1,1,-1,1,1,-1,1
3337,0,-1,-1,-1,-1,1,-1,1,-1,-1,1,1,-1,1,1,1,-1,1,-1,1,1,1,1,1,-1,-1,1,-1,1,1,1,1,-1,1,1,1,-1,-1,1,1,1,1,1,1,1,1,1,0,-1,-1,-1,1,1,1,-1,1,1,1,1,1,1,1,1,1,-1,1,1,1,1,1,1,0,-1,1,-1,-1,1,1,1,-1,1,-1,1,-1,1,1,1,1,1,-1,1,1,1,1,0,-1,-1,1,-1,1
2449,0,-1,-1,1,-1,-1,1,1,-1,-1,-1,1,1,1,1,1,-1,1,-1,-1,-1,1,1,1,1,-1,1,1,1,1,1,0,-1,1,1,1,-1,1,-1,1,-1,1,1,1,1,-1,1,1,1,-1,-1,-1,1,1,1,1,1,1,1,1,1,1,0,1,-1,1,1,-1,1,1,1,1,-1,1,1,1,-1,1,1,0,-1,-1,1,1,1,1,1,-1,1,1,-1,1,1,0,1,-1,1,-1,-1,1
1633,0,-1,-1,-1,-1,1,-1,1,-1,-1,1,1,-1,1,1,1,-1,1,-1,1,1,1,1,0,-1,-1,1,-1,1,-1,1,1,-1,1,1,1,-1,1,1,1,1,1,1,1,1,1,0,1,-1,-1,-1,1,1,1,-1,1,1,1,-1,1,1,1,1,1,-1,1,1,1,1,0,1,0,-1,-1,1,-1,1,-1,1,1,1,-1,1,1,1,1,1,-1,1,1,1,1,0,1,1,-1,-1,1,-1,1
